[{"model": "cyd.curso", "pk": 1, "fields": {"nombre": "Tecnolog\u00eda b\u00e1sica (r)", "nota_aprobacion": 75, "porcentaje": 60}}, {"model": "cyd.curso", "pk": 2, "fields": {"nombre": "Francisco (r)", "nota_aprobacion": 75, "porcentaje": 40}}, {"model": "cyd.curso", "pk": 3, "fields": {"nombre": "Tecnolog\u00eda b\u00e1sica", "nota_aprobacion": 75, "porcentaje": null}}, {"model": "cyd.curso", "pk": 4, "fields": {"nombre": "Francisco", "nota_aprobacion": 75, "porcentaje": null}}, {"model": "cyd.crasistencia", "pk": 1, "fields": {"curso": 1, "modulo_num": 1, "punteo_max": 10}}, {"model": "cyd.crasistencia", "pk": 2, "fields": {"curso": 1, "modulo_num": 2, "punteo_max": 10}}, {"model": "cyd.crasistencia", "pk": 3, "fields": {"curso": 1, "modulo_num": 3, "punteo_max": 10}}, {"model": "cyd.crasistencia", "pk": 4, "fields": {"curso": 1, "modulo_num": 4, "punteo_max": 20}}, {"model": "cyd.crasistencia", "pk": 5, "fields": {"curso": 2, "modulo_num": 1, "punteo_max": 20}}, {"model": "cyd.crasistencia", "pk": 6, "fields": {"curso": 2, "modulo_num": 2, "punteo_max": 20}}, {"model": "cyd.crasistencia", "pk": 7, "fields": {"curso": 2, "modulo_num": 3, "punteo_max": 20}}, {"model": "cyd.crasistencia", "pk": 8, "fields": {"curso": 3, "modulo_num": 1, "punteo_max": 15}}, {"model": "cyd.crasistencia", "pk": 9, "fields": {"curso": 3, "modulo_num": 2, "punteo_max": 15}}, {"model": "cyd.crasistencia", "pk": 10, "fields": {"curso": 3, "modulo_num": 3, "punteo_max": 15}}, {"model": "cyd.crasistencia", "pk": 11, "fields": {"curso": 4, "modulo_num": 1, "punteo_max": 20}}, {"model": "cyd.crasistencia", "pk": 12, "fields": {"curso": 4, "modulo_num": 2, "punteo_max": 20}}, {"model": "cyd.crhito", "pk": 1, "fields": {"curso": 1, "nombre": "Examen", "punteo_max": 30}}, {"model": "cyd.crhito", "pk": 2, "fields": {"curso": 1, "nombre": "Tarea", "punteo_max": 20}}, {"model": "cyd.crhito", "pk": 3, "fields": {"curso": 2, "nombre": "Ejercicio", "punteo_max": 20}}, {"model": "cyd.crhito", "pk": 4, "fields": {"curso": 2, "nombre": "Tarea", "punteo_max": 20}}, {"model": "cyd.crhito", "pk": 5, "fields": {"curso": 3, "nombre": "Tarea", "punteo_max": 25}}, {"model": "cyd.crhito", "pk": 6, "fields": {"curso": 3, "nombre": "Examen", "punteo_max": 30}}, {"model": "cyd.crhito", "pk": 7, "fields": {"curso": 4, "nombre": "Tarea", "punteo_max": 30}}, {"model": "cyd.crhito", "pk": 8, "fields": {"curso": 4, "nombre": "Examen", "punteo_max": 30}}, {"model": "cyd.sede", "pk": 1, "fields": {"nombre": "Sede prueba", "capacitador": 1, "municipio": 102, "direccion": "Mi casa", "observacion": "Esta es una prueba"}}, {"model": "cyd.sede", "pk": 2, "fields": {"nombre": "Sede de Mary", "capacitador": 4, "municipio": 301, "direccion": "Este municipio", "observacion": "Esta charada se siente extra\u00f1a..."}}, {"model": "cyd.sede", "pk": 3, "fields": {"nombre": "Otra escuela", "capacitador": 1, "municipio": 302, "direccion": "Donde sea que quede", "observacion": ""}}, {"model": "cyd.sede", "pk": 4, "fields": {"nombre": "palencia", "capacitador": 4, "municipio": 101, "direccion": "palencia", "observacion": ""}}, {"model": "cyd.asesoria", "pk": 1, "fields": {"sede": 1, "fecha": "2017-06-28", "hora_inicio": "12:00:00", "hora_fin": "13:00:00", "observacion": ""}}, {"model": "cyd.asesoria", "pk": 2, "fields": {"sede": 1, "fecha": "2017-07-19", "hora_inicio": "11:00:00", "hora_fin": "12:00:00", "observacion": "fdsfsdfsdfsfdsfsfdsfds"}}, {"model": "cyd.asesoria", "pk": 3, "fields": {"sede": 1, "fecha": "2017-07-11", "hora_inicio": "12:00:00", "hora_fin": "13:00:00", "observacion": ""}}, {"model": "cyd.asesoria", "pk": 4, "fields": {"sede": 1, "fecha": "2017-07-04", "hora_inicio": "09:00:00", "hora_fin": "10:00:00", "observacion": ""}}, {"model": "cyd.asesoria", "pk": 5, "fields": {"sede": 2, "fecha": "2017-07-20", "hora_inicio": "10:00:00", "hora_fin": "12:00:00", "observacion": "asdasd"}}, {"model": "cyd.asesoria", "pk": 6, "fields": {"sede": 2, "fecha": "2017-07-05", "hora_inicio": "10:00:00", "hora_fin": "11:00:00", "observacion": "ghfdgdfgdf"}}, {"model": "cyd.asesoria", "pk": 7, "fields": {"sede": 1, "fecha": "2017-08-10", "hora_inicio": "08:00:00", "hora_fin": "09:30:00", "observacion": "dsafsdfsdfsdfsd"}}, {"model": "cyd.grupo", "pk": 4, "fields": {"sede": 1, "numero": 3, "curso": 1, "comentario": "Esta es una prueba"}}, {"model": "cyd.grupo", "pk": 5, "fields": {"sede": 2, "numero": 1, "curso": 1, "comentario": "Esta es una prueba"}}, {"model": "cyd.grupo", "pk": 6, "fields": {"sede": 2, "numero": 2, "curso": 1, "comentario": ""}}, {"model": "cyd.grupo", "pk": 7, "fields": {"sede": 2, "numero": 3, "curso": 1, "comentario": ""}}, {"model": "cyd.grupo", "pk": 8, "fields": {"sede": 1, "numero": 2, "curso": 1, "comentario": "Grupo de prueba"}}, {"model": "cyd.grupo", "pk": 9, "fields": {"sede": 1, "numero": 4, "curso": 1, "comentario": ""}}, {"model": "cyd.grupo", "pk": 10, "fields": {"sede": 1, "numero": 1, "curso": 1, "comentario": ""}}, {"model": "cyd.grupo", "pk": 11, "fields": {"sede": 3, "numero": 1, "curso": 1, "comentario": "Grupo de la escuela beneficiada"}}, {"model": "cyd.grupo", "pk": 12, "fields": {"sede": 4, "numero": 1, "curso": 1, "comentario": ""}}, {"model": "cyd.grupo", "pk": 13, "fields": {"sede": 1, "numero": 1, "curso": 2, "comentario": ""}}, {"model": "cyd.grupo", "pk": 14, "fields": {"sede": 3, "numero": 1, "curso": 3, "comentario": ""}}, {"model": "cyd.grupo", "pk": 15, "fields": {"sede": 3, "numero": 1, "curso": 4, "comentario": ""}}, {"model": "cyd.grupo", "pk": 16, "fields": {"sede": 3, "numero": 1, "curso": 2, "comentario": ""}}, {"model": "cyd.calendario", "pk": 1, "fields": {"cr_asistencia": 1, "grupo": 4, "fecha": "2017-06-12", "hora_inicio": "00:00:00", "hora_fin": "01:30:00", "observacion": ""}}, {"model": "cyd.calendario", "pk": 2, "fields": {"cr_asistencia": 2, "grupo": 4, "fecha": "2017-06-22", "hora_inicio": "00:00:00", "hora_fin": "01:30:00", "observacion": ""}}, {"model": "cyd.calendario", "pk": 3, "fields": {"cr_asistencia": 3, "grupo": 4, "fecha": "2017-06-14", "hora_inicio": "00:00:00", "hora_fin": "01:30:00", "observacion": ""}}, {"model": "cyd.calendario", "pk": 4, "fields": {"cr_asistencia": 4, "grupo": 4, "fecha": "2017-06-27", "hora_inicio": "01:00:00", "hora_fin": "01:30:00", "observacion": null}}, {"model": "cyd.calendario", "pk": 5, "fields": {"cr_asistencia": 1, "grupo": 5, "fecha": "2017-06-07", "hora_inicio": "07:30:00", "hora_fin": "09:30:00", "observacion": null}}, {"model": "cyd.calendario", "pk": 6, "fields": {"cr_asistencia": 2, "grupo": 5, "fecha": "2017-06-13", "hora_inicio": "08:00:00", "hora_fin": "13:30:00", "observacion": null}}, {"model": "cyd.calendario", "pk": 7, "fields": {"cr_asistencia": 3, "grupo": 5, "fecha": null, "hora_inicio": "09:00:00", "hora_fin": "10:30:00", "observacion": null}}, {"model": "cyd.calendario", "pk": 8, "fields": {"cr_asistencia": 4, "grupo": 5, "fecha": null, "hora_inicio": null, "hora_fin": null, "observacion": null}}, {"model": "cyd.calendario", "pk": 9, "fields": {"cr_asistencia": 1, "grupo": 6, "fecha": null, "hora_inicio": null, "hora_fin": null, "observacion": null}}, {"model": "cyd.calendario", "pk": 10, "fields": {"cr_asistencia": 2, "grupo": 6, "fecha": null, "hora_inicio": null, "hora_fin": null, "observacion": null}}, {"model": "cyd.calendario", "pk": 11, "fields": {"cr_asistencia": 3, "grupo": 6, "fecha": null, "hora_inicio": null, "hora_fin": null, "observacion": null}}, {"model": "cyd.calendario", "pk": 12, "fields": {"cr_asistencia": 4, "grupo": 6, "fecha": null, "hora_inicio": null, "hora_fin": null, "observacion": null}}, {"model": "cyd.calendario", "pk": 13, "fields": {"cr_asistencia": 1, "grupo": 7, "fecha": null, "hora_inicio": null, "hora_fin": null, "observacion": null}}, {"model": "cyd.calendario", "pk": 14, "fields": {"cr_asistencia": 2, "grupo": 7, "fecha": null, "hora_inicio": null, "hora_fin": null, "observacion": null}}, {"model": "cyd.calendario", "pk": 15, "fields": {"cr_asistencia": 3, "grupo": 7, "fecha": null, "hora_inicio": null, "hora_fin": null, "observacion": null}}, {"model": "cyd.calendario", "pk": 16, "fields": {"cr_asistencia": 4, "grupo": 7, "fecha": null, "hora_inicio": null, "hora_fin": null, "observacion": null}}, {"model": "cyd.calendario", "pk": 17, "fields": {"cr_asistencia": 1, "grupo": 8, "fecha": "2017-09-04", "hora_inicio": "10:00:00", "hora_fin": "11:30:00", "observacion": null}}, {"model": "cyd.calendario", "pk": 18, "fields": {"cr_asistencia": 2, "grupo": 8, "fecha": "2017-09-12", "hora_inicio": "00:00:00", "hora_fin": "01:30:00", "observacion": null}}, {"model": "cyd.calendario", "pk": 19, "fields": {"cr_asistencia": 3, "grupo": 8, "fecha": null, "hora_inicio": null, "hora_fin": null, "observacion": null}}, {"model": "cyd.calendario", "pk": 20, "fields": {"cr_asistencia": 4, "grupo": 8, "fecha": null, "hora_inicio": null, "hora_fin": null, "observacion": null}}, {"model": "cyd.calendario", "pk": 21, "fields": {"cr_asistencia": 1, "grupo": 9, "fecha": null, "hora_inicio": null, "hora_fin": null, "observacion": null}}, {"model": "cyd.calendario", "pk": 22, "fields": {"cr_asistencia": 2, "grupo": 9, "fecha": null, "hora_inicio": null, "hora_fin": null, "observacion": null}}, {"model": "cyd.calendario", "pk": 23, "fields": {"cr_asistencia": 3, "grupo": 9, "fecha": null, "hora_inicio": null, "hora_fin": null, "observacion": null}}, {"model": "cyd.calendario", "pk": 24, "fields": {"cr_asistencia": 4, "grupo": 9, "fecha": null, "hora_inicio": null, "hora_fin": null, "observacion": null}}, {"model": "cyd.calendario", "pk": 25, "fields": {"cr_asistencia": 1, "grupo": 10, "fecha": "2017-08-14", "hora_inicio": "00:00:00", "hora_fin": "01:30:00", "observacion": null}}, {"model": "cyd.calendario", "pk": 26, "fields": {"cr_asistencia": 2, "grupo": 10, "fecha": "2017-08-03", "hora_inicio": "00:00:00", "hora_fin": "01:30:00", "observacion": null}}, {"model": "cyd.calendario", "pk": 27, "fields": {"cr_asistencia": 3, "grupo": 10, "fecha": "2017-08-01", "hora_inicio": "07:30:00", "hora_fin": "09:00:00", "observacion": null}}, {"model": "cyd.calendario", "pk": 28, "fields": {"cr_asistencia": 4, "grupo": 10, "fecha": "2017-08-07", "hora_inicio": "00:00:00", "hora_fin": "01:30:00", "observacion": null}}, {"model": "cyd.calendario", "pk": 29, "fields": {"cr_asistencia": 1, "grupo": 11, "fecha": "2017-06-12", "hora_inicio": "00:00:00", "hora_fin": "01:30:00", "observacion": null}}, {"model": "cyd.calendario", "pk": 30, "fields": {"cr_asistencia": 2, "grupo": 11, "fecha": "2017-07-04", "hora_inicio": "00:00:00", "hora_fin": "01:30:00", "observacion": null}}, {"model": "cyd.calendario", "pk": 31, "fields": {"cr_asistencia": 3, "grupo": 11, "fecha": "2017-08-24", "hora_inicio": "00:00:00", "hora_fin": "01:30:00", "observacion": null}}, {"model": "cyd.calendario", "pk": 32, "fields": {"cr_asistencia": 4, "grupo": 11, "fecha": "2017-06-23", "hora_inicio": "00:00:00", "hora_fin": "01:30:00", "observacion": null}}, {"model": "cyd.calendario", "pk": 33, "fields": {"cr_asistencia": 1, "grupo": 12, "fecha": "2017-08-14", "hora_inicio": "07:00:00", "hora_fin": "12:30:00", "observacion": null}}, {"model": "cyd.calendario", "pk": 34, "fields": {"cr_asistencia": 2, "grupo": 12, "fecha": "2017-08-21", "hora_inicio": "00:00:00", "hora_fin": "01:30:00", "observacion": null}}, {"model": "cyd.calendario", "pk": 35, "fields": {"cr_asistencia": 3, "grupo": 12, "fecha": "2017-08-28", "hora_inicio": "00:00:00", "hora_fin": "01:30:00", "observacion": null}}, {"model": "cyd.calendario", "pk": 36, "fields": {"cr_asistencia": 4, "grupo": 12, "fecha": "2017-09-04", "hora_inicio": "00:00:00", "hora_fin": "01:30:00", "observacion": null}}, {"model": "cyd.calendario", "pk": 37, "fields": {"cr_asistencia": 5, "grupo": 13, "fecha": null, "hora_inicio": null, "hora_fin": null, "observacion": null}}, {"model": "cyd.calendario", "pk": 38, "fields": {"cr_asistencia": 6, "grupo": 13, "fecha": null, "hora_inicio": null, "hora_fin": null, "observacion": null}}, {"model": "cyd.calendario", "pk": 39, "fields": {"cr_asistencia": 7, "grupo": 13, "fecha": null, "hora_inicio": null, "hora_fin": null, "observacion": null}}, {"model": "cyd.calendario", "pk": 40, "fields": {"cr_asistencia": 8, "grupo": 14, "fecha": null, "hora_inicio": null, "hora_fin": null, "observacion": null}}, {"model": "cyd.calendario", "pk": 41, "fields": {"cr_asistencia": 9, "grupo": 14, "fecha": null, "hora_inicio": null, "hora_fin": null, "observacion": null}}, {"model": "cyd.calendario", "pk": 42, "fields": {"cr_asistencia": 10, "grupo": 14, "fecha": null, "hora_inicio": null, "hora_fin": null, "observacion": null}}, {"model": "cyd.calendario", "pk": 43, "fields": {"cr_asistencia": 11, "grupo": 15, "fecha": null, "hora_inicio": null, "hora_fin": null, "observacion": null}}, {"model": "cyd.calendario", "pk": 44, "fields": {"cr_asistencia": 12, "grupo": 15, "fecha": null, "hora_inicio": null, "hora_fin": null, "observacion": null}}, {"model": "cyd.calendario", "pk": 45, "fields": {"cr_asistencia": 5, "grupo": 16, "fecha": null, "hora_inicio": null, "hora_fin": null, "observacion": null}}, {"model": "cyd.calendario", "pk": 46, "fields": {"cr_asistencia": 6, "grupo": 16, "fecha": null, "hora_inicio": null, "hora_fin": null, "observacion": null}}, {"model": "cyd.calendario", "pk": 47, "fields": {"cr_asistencia": 7, "grupo": 16, "fecha": null, "hora_inicio": null, "hora_fin": null, "observacion": null}}, {"model": "cyd.parrol", "pk": 1, "fields": {"nombre": "Maestro"}}, {"model": "cyd.parrol", "pk": 2, "fields": {"nombre": "Director"}}, {"model": "cyd.pargenero", "pk": 1, "fields": {"genero": "Hombre"}}, {"model": "cyd.pargenero", "pk": 2, "fields": {"genero": "Mujer"}}, {"model": "cyd.participante", "pk": 1, "fields": {"dpi": "123456", "nombre": "Jorge", "apellido": "P\u00e9rez", "genero": 1, "rol": 1, "escuela": 1, "direccion": "", "mail": "", "tel_casa": "", "tel_movil": "", "fecha_nac": null, "avatar": "", "etnia": null, "escolaridad": null, "slug": "123456"}}, {"model": "cyd.participante", "pk": 2, "fields": {"dpi": "321654", "nombre": "Mar\u00eda", "apellido": "L\u00f3pez", "genero": 2, "rol": 1, "escuela": 3, "direccion": "", "mail": "", "tel_casa": "", "tel_movil": "", "fecha_nac": null, "avatar": "", "etnia": null, "escolaridad": null, "slug": "321654"}}, {"model": "cyd.participante", "pk": 3, "fields": {"dpi": "123654", "nombre": "Carlos", "apellido": "Castillo", "genero": 2, "rol": 1, "escuela": 6, "direccion": "", "mail": "", "tel_casa": "", "tel_movil": "", "fecha_nac": null, "avatar": "", "etnia": null, "escolaridad": null, "slug": "123654"}}, {"model": "cyd.participante", "pk": 4, "fields": {"dpi": "741258", "nombre": "Fredy", "apellido": "Perez", "genero": 1, "rol": 1, "escuela": 4, "direccion": "", "mail": "", "tel_casa": "", "tel_movil": "", "fecha_nac": null, "avatar": "", "etnia": null, "escolaridad": null, "slug": "741258"}}, {"model": "cyd.participante", "pk": 5, "fields": {"dpi": "963258", "nombre": "Jorge", "apellido": "Garc\u00eda", "genero": 2, "rol": 1, "escuela": 7, "direccion": "", "mail": "", "tel_casa": "", "tel_movil": "", "fecha_nac": null, "avatar": "", "etnia": null, "escolaridad": null, "slug": "963258"}}, {"model": "cyd.participante", "pk": 6, "fields": {"dpi": "2213457", "nombre": "Juanito", "apellido": "perez", "genero": 1, "rol": 1, "escuela": 1, "direccion": "", "mail": "", "tel_casa": "", "tel_movil": "", "fecha_nac": null, "avatar": "", "etnia": null, "escolaridad": null, "slug": "2213457"}}, {"model": "cyd.participante", "pk": 7, "fields": {"dpi": "2261485120101", "nombre": "dasdadas", "apellido": "Gonzales de la Cruz", "genero": 2, "rol": 1, "escuela": 4, "direccion": "", "mail": "", "tel_casa": "", "tel_movil": "", "fecha_nac": null, "avatar": "", "etnia": null, "escolaridad": null, "slug": "2261485120101"}}, {"model": "cyd.participante", "pk": 8, "fields": {"dpi": "123456789", "nombre": "Juanita", "apellido": "Jones", "genero": 1, "rol": 1, "escuela": 1, "direccion": "", "mail": "", "tel_casa": "", "tel_movil": "", "fecha_nac": null, "avatar": "", "etnia": null, "escolaridad": null, "slug": "123456789"}}, {"model": "cyd.participante", "pk": 10, "fields": {"dpi": "funsepa-10", "nombre": "Ernest", "apellido": "Garc\u00eda", "genero": 1, "rol": 1, "escuela": 1, "direccion": "", "mail": "", "tel_casa": "", "tel_movil": "", "fecha_nac": null, "avatar": "", "etnia": null, "escolaridad": null, "slug": "funsepa-10"}}, {"model": "cyd.participante", "pk": 11, "fields": {"dpi": "1234", "nombre": "Fulanito", "apellido": "asd", "genero": 2, "rol": 1, "escuela": 1, "direccion": "", "mail": "", "tel_casa": "", "tel_movil": "", "fecha_nac": null, "avatar": "", "etnia": null, "escolaridad": null, "slug": "1234"}}, {"model": "cyd.participante", "pk": 12, "fields": {"dpi": "13468", "nombre": "Berto", "apellido": "Bertes", "genero": 2, "rol": 1, "escuela": 2, "direccion": "", "mail": "", "tel_casa": "", "tel_movil": "", "fecha_nac": null, "avatar": "", "etnia": null, "escolaridad": null, "slug": "13468"}}, {"model": "cyd.participante", "pk": 14, "fields": {"dpi": "funsepa-14", "nombre": "Juan", "apellido": "Juanites", "genero": 1, "rol": 1, "escuela": 2, "direccion": "", "mail": "", "tel_casa": "", "tel_movil": "", "fecha_nac": null, "avatar": "", "etnia": null, "escolaridad": null, "slug": "funsepa-14"}}, {"model": "cyd.participante", "pk": 15, "fields": {"dpi": "funsepa-15", "nombre": "Marta", "apellido": "Mar\u00eda", "genero": 2, "rol": 2, "escuela": 2, "direccion": "", "mail": "", "tel_casa": "", "tel_movil": "", "fecha_nac": null, "avatar": "", "etnia": null, "escolaridad": null, "slug": "funsepa-15"}}, {"model": "cyd.participante", "pk": 17, "fields": {"dpi": "funsepa-jeje", "nombre": "Gonzalo", "apellido": "Gonzales", "genero": 2, "rol": 2, "escuela": 2, "direccion": "Su casa", "mail": "correo@correo.com", "tel_casa": "", "tel_movil": "55558888", "fecha_nac": null, "avatar": "", "etnia": null, "escolaridad": null, "slug": "funsepa-jeje"}}, {"model": "cyd.participante", "pk": 18, "fields": {"dpi": "funsepa-18", "nombre": "Fulanita", "apellido": "De talita", "genero": 2, "rol": 2, "escuela": 2, "direccion": "", "mail": "", "tel_casa": "", "tel_movil": "", "fecha_nac": null, "avatar": "", "etnia": null, "escolaridad": null, "slug": "funsepa-18"}}, {"model": "cyd.participante", "pk": 19, "fields": {"dpi": "funsepa-19", "nombre": "Jhon", "apellido": "Lennon", "genero": 1, "rol": 2, "escuela": 2, "direccion": "", "mail": "", "tel_casa": "", "tel_movil": "", "fecha_nac": null, "avatar": "", "etnia": null, "escolaridad": null, "slug": "funsepa-19"}}, {"model": "cyd.participante", "pk": 20, "fields": {"dpi": "funsepa-20", "nombre": "Ringo", "apellido": "Starr", "genero": 1, "rol": 2, "escuela": 2, "direccion": "", "mail": "", "tel_casa": "", "tel_movil": "", "fecha_nac": null, "avatar": "", "etnia": null, "escolaridad": null, "slug": "funsepa-20"}}, {"model": "cyd.participante", "pk": 21, "fields": {"dpi": "f-21-860", "nombre": "George", "apellido": "Harrison", "genero": 1, "rol": 2, "escuela": 2, "direccion": "Ciudad", "mail": "", "tel_casa": "", "tel_movil": "", "fecha_nac": null, "avatar": "", "etnia": null, "escolaridad": null, "slug": "f-21-860"}}, {"model": "cyd.asignacion", "pk": 1, "fields": {"participante": 1, "grupo": 4}}, {"model": "cyd.asignacion", "pk": 5, "fields": {"participante": 4, "grupo": 5}}, {"model": "cyd.asignacion", "pk": 6, "fields": {"participante": 6, "grupo": 4}}, {"model": "cyd.asignacion", "pk": 7, "fields": {"participante": 7, "grupo": 11}}, {"model": "cyd.asignacion", "pk": 8, "fields": {"participante": 8, "grupo": 11}}, {"model": "cyd.asignacion", "pk": 10, "fields": {"participante": 10, "grupo": 4}}, {"model": "cyd.asignacion", "pk": 11, "fields": {"participante": 11, "grupo": 11}}, {"model": "cyd.asignacion", "pk": 12, "fields": {"participante": 12, "grupo": 11}}, {"model": "cyd.asignacion", "pk": 14, "fields": {"participante": 14, "grupo": 11}}, {"model": "cyd.asignacion", "pk": 15, "fields": {"participante": 15, "grupo": 11}}, {"model": "cyd.asignacion", "pk": 17, "fields": {"participante": 17, "grupo": 10}}, {"model": "cyd.asignacion", "pk": 18, "fields": {"participante": 18, "grupo": 10}}, {"model": "cyd.asignacion", "pk": 19, "fields": {"participante": 19, "grupo": 8}}, {"model": "cyd.asignacion", "pk": 20, "fields": {"participante": 20, "grupo": 8}}, {"model": "cyd.asignacion", "pk": 21, "fields": {"participante": 21, "grupo": 8}}, {"model": "cyd.asignacion", "pk": 424, "fields": {"participante": 17, "grupo": 13}}, {"model": "cyd.asignacion", "pk": 425, "fields": {"participante": 17, "grupo": 11}}, {"model": "cyd.asignacion", "pk": 426, "fields": {"participante": 1, "grupo": 15}}, {"model": "cyd.asignacion", "pk": 427, "fields": {"participante": 1, "grupo": 14}}, {"model": "cyd.asignacion", "pk": 428, "fields": {"participante": 7, "grupo": 16}}, {"model": "cyd.notaasistencia", "pk": 1, "fields": {"asignacion": 1, "gr_calendario": 1, "nota": 0}}, {"model": "cyd.notaasistencia", "pk": 2, "fields": {"asignacion": 1, "gr_calendario": 2, "nota": 0}}, {"model": "cyd.notaasistencia", "pk": 3, "fields": {"asignacion": 1, "gr_calendario": 3, "nota": 0}}, {"model": "cyd.notaasistencia", "pk": 4, "fields": {"asignacion": 1, "gr_calendario": 4, "nota": 0}}, {"model": "cyd.notaasistencia", "pk": 5, "fields": {"asignacion": 5, "gr_calendario": 5, "nota": 0}}, {"model": "cyd.notaasistencia", "pk": 6, "fields": {"asignacion": 5, "gr_calendario": 6, "nota": 0}}, {"model": "cyd.notaasistencia", "pk": 7, "fields": {"asignacion": 5, "gr_calendario": 7, "nota": 0}}, {"model": "cyd.notaasistencia", "pk": 8, "fields": {"asignacion": 5, "gr_calendario": 8, "nota": 0}}, {"model": "cyd.notaasistencia", "pk": 9, "fields": {"asignacion": 6, "gr_calendario": 1, "nota": 0}}, {"model": "cyd.notaasistencia", "pk": 10, "fields": {"asignacion": 6, "gr_calendario": 2, "nota": 0}}, {"model": "cyd.notaasistencia", "pk": 11, "fields": {"asignacion": 6, "gr_calendario": 3, "nota": 0}}, {"model": "cyd.notaasistencia", "pk": 12, "fields": {"asignacion": 6, "gr_calendario": 4, "nota": 0}}, {"model": "cyd.notaasistencia", "pk": 13, "fields": {"asignacion": 7, "gr_calendario": 29, "nota": 10}}, {"model": "cyd.notaasistencia", "pk": 14, "fields": {"asignacion": 7, "gr_calendario": 30, "nota": 10}}, {"model": "cyd.notaasistencia", "pk": 15, "fields": {"asignacion": 7, "gr_calendario": 31, "nota": 10}}, {"model": "cyd.notaasistencia", "pk": 16, "fields": {"asignacion": 7, "gr_calendario": 32, "nota": 0}}, {"model": "cyd.notaasistencia", "pk": 17, "fields": {"asignacion": 8, "gr_calendario": 29, "nota": 10}}, {"model": "cyd.notaasistencia", "pk": 18, "fields": {"asignacion": 8, "gr_calendario": 30, "nota": 10}}, {"model": "cyd.notaasistencia", "pk": 19, "fields": {"asignacion": 8, "gr_calendario": 31, "nota": 0}}, {"model": "cyd.notaasistencia", "pk": 20, "fields": {"asignacion": 8, "gr_calendario": 32, "nota": 10}}, {"model": "cyd.notaasistencia", "pk": 25, "fields": {"asignacion": 10, "gr_calendario": 1, "nota": 0}}, {"model": "cyd.notaasistencia", "pk": 26, "fields": {"asignacion": 10, "gr_calendario": 2, "nota": 0}}, {"model": "cyd.notaasistencia", "pk": 27, "fields": {"asignacion": 10, "gr_calendario": 3, "nota": 0}}, {"model": "cyd.notaasistencia", "pk": 28, "fields": {"asignacion": 10, "gr_calendario": 4, "nota": 0}}, {"model": "cyd.notaasistencia", "pk": 29, "fields": {"asignacion": 11, "gr_calendario": 29, "nota": 0}}, {"model": "cyd.notaasistencia", "pk": 30, "fields": {"asignacion": 11, "gr_calendario": 30, "nota": 0}}, {"model": "cyd.notaasistencia", "pk": 31, "fields": {"asignacion": 11, "gr_calendario": 31, "nota": 10}}, {"model": "cyd.notaasistencia", "pk": 32, "fields": {"asignacion": 11, "gr_calendario": 32, "nota": 0}}, {"model": "cyd.notaasistencia", "pk": 33, "fields": {"asignacion": 12, "gr_calendario": 29, "nota": 0}}, {"model": "cyd.notaasistencia", "pk": 34, "fields": {"asignacion": 12, "gr_calendario": 30, "nota": 10}}, {"model": "cyd.notaasistencia", "pk": 35, "fields": {"asignacion": 12, "gr_calendario": 31, "nota": 10}}, {"model": "cyd.notaasistencia", "pk": 36, "fields": {"asignacion": 12, "gr_calendario": 32, "nota": 20}}, {"model": "cyd.notaasistencia", "pk": 41, "fields": {"asignacion": 14, "gr_calendario": 29, "nota": 10}}, {"model": "cyd.notaasistencia", "pk": 42, "fields": {"asignacion": 14, "gr_calendario": 30, "nota": 10}}, {"model": "cyd.notaasistencia", "pk": 43, "fields": {"asignacion": 14, "gr_calendario": 31, "nota": 10}}, {"model": "cyd.notaasistencia", "pk": 44, "fields": {"asignacion": 14, "gr_calendario": 32, "nota": 10}}, {"model": "cyd.notaasistencia", "pk": 45, "fields": {"asignacion": 15, "gr_calendario": 29, "nota": 10}}, {"model": "cyd.notaasistencia", "pk": 46, "fields": {"asignacion": 15, "gr_calendario": 30, "nota": 10}}, {"model": "cyd.notaasistencia", "pk": 47, "fields": {"asignacion": 15, "gr_calendario": 31, "nota": 10}}, {"model": "cyd.notaasistencia", "pk": 48, "fields": {"asignacion": 15, "gr_calendario": 32, "nota": 0}}, {"model": "cyd.notaasistencia", "pk": 53, "fields": {"asignacion": 17, "gr_calendario": 25, "nota": 10}}, {"model": "cyd.notaasistencia", "pk": 54, "fields": {"asignacion": 17, "gr_calendario": 26, "nota": 10}}, {"model": "cyd.notaasistencia", "pk": 55, "fields": {"asignacion": 17, "gr_calendario": 27, "nota": 10}}, {"model": "cyd.notaasistencia", "pk": 56, "fields": {"asignacion": 17, "gr_calendario": 28, "nota": 0}}, {"model": "cyd.notaasistencia", "pk": 57, "fields": {"asignacion": 18, "gr_calendario": 25, "nota": 0}}, {"model": "cyd.notaasistencia", "pk": 58, "fields": {"asignacion": 18, "gr_calendario": 26, "nota": 0}}, {"model": "cyd.notaasistencia", "pk": 59, "fields": {"asignacion": 18, "gr_calendario": 27, "nota": 0}}, {"model": "cyd.notaasistencia", "pk": 60, "fields": {"asignacion": 18, "gr_calendario": 28, "nota": 0}}, {"model": "cyd.notaasistencia", "pk": 61, "fields": {"asignacion": 19, "gr_calendario": 17, "nota": 0}}, {"model": "cyd.notaasistencia", "pk": 62, "fields": {"asignacion": 19, "gr_calendario": 18, "nota": 0}}, {"model": "cyd.notaasistencia", "pk": 63, "fields": {"asignacion": 19, "gr_calendario": 19, "nota": 0}}, {"model": "cyd.notaasistencia", "pk": 64, "fields": {"asignacion": 19, "gr_calendario": 20, "nota": 0}}, {"model": "cyd.notaasistencia", "pk": 65, "fields": {"asignacion": 20, "gr_calendario": 17, "nota": 0}}, {"model": "cyd.notaasistencia", "pk": 66, "fields": {"asignacion": 20, "gr_calendario": 18, "nota": 0}}, {"model": "cyd.notaasistencia", "pk": 67, "fields": {"asignacion": 21, "gr_calendario": 17, "nota": 1}}, {"model": "cyd.notaasistencia", "pk": 68, "fields": {"asignacion": 20, "gr_calendario": 19, "nota": 0}}, {"model": "cyd.notaasistencia", "pk": 69, "fields": {"asignacion": 21, "gr_calendario": 18, "nota": 0}}, {"model": "cyd.notaasistencia", "pk": 70, "fields": {"asignacion": 20, "gr_calendario": 20, "nota": 0}}, {"model": "cyd.notaasistencia", "pk": 71, "fields": {"asignacion": 21, "gr_calendario": 19, "nota": 1}}, {"model": "cyd.notaasistencia", "pk": 72, "fields": {"asignacion": 21, "gr_calendario": 20, "nota": 20}}, {"model": "cyd.notaasistencia", "pk": 77, "fields": {"asignacion": 424, "gr_calendario": 37, "nota": 0}}, {"model": "cyd.notaasistencia", "pk": 78, "fields": {"asignacion": 424, "gr_calendario": 38, "nota": 20}}, {"model": "cyd.notaasistencia", "pk": 79, "fields": {"asignacion": 424, "gr_calendario": 39, "nota": 20}}, {"model": "cyd.notaasistencia", "pk": 80, "fields": {"asignacion": 425, "gr_calendario": 29, "nota": 0}}, {"model": "cyd.notaasistencia", "pk": 81, "fields": {"asignacion": 425, "gr_calendario": 30, "nota": 0}}, {"model": "cyd.notaasistencia", "pk": 82, "fields": {"asignacion": 425, "gr_calendario": 31, "nota": 0}}, {"model": "cyd.notaasistencia", "pk": 83, "fields": {"asignacion": 425, "gr_calendario": 32, "nota": 0}}, {"model": "cyd.notaasistencia", "pk": 84, "fields": {"asignacion": 426, "gr_calendario": 43, "nota": 20}}, {"model": "cyd.notaasistencia", "pk": 85, "fields": {"asignacion": 426, "gr_calendario": 44, "nota": 20}}, {"model": "cyd.notaasistencia", "pk": 86, "fields": {"asignacion": 427, "gr_calendario": 40, "nota": 15}}, {"model": "cyd.notaasistencia", "pk": 87, "fields": {"asignacion": 427, "gr_calendario": 41, "nota": 15}}, {"model": "cyd.notaasistencia", "pk": 88, "fields": {"asignacion": 427, "gr_calendario": 42, "nota": 15}}, {"model": "cyd.notaasistencia", "pk": 89, "fields": {"asignacion": 428, "gr_calendario": 45, "nota": 15}}, {"model": "cyd.notaasistencia", "pk": 90, "fields": {"asignacion": 428, "gr_calendario": 46, "nota": 15}}, {"model": "cyd.notaasistencia", "pk": 91, "fields": {"asignacion": 428, "gr_calendario": 47, "nota": 15}}, {"model": "cyd.notahito", "pk": 1, "fields": {"asignacion": 1, "cr_hito": 1, "nota": 0}}, {"model": "cyd.notahito", "pk": 2, "fields": {"asignacion": 1, "cr_hito": 2, "nota": 0}}, {"model": "cyd.notahito", "pk": 3, "fields": {"asignacion": 5, "cr_hito": 1, "nota": 0}}, {"model": "cyd.notahito", "pk": 4, "fields": {"asignacion": 5, "cr_hito": 2, "nota": 0}}, {"model": "cyd.notahito", "pk": 5, "fields": {"asignacion": 6, "cr_hito": 1, "nota": 0}}, {"model": "cyd.notahito", "pk": 6, "fields": {"asignacion": 6, "cr_hito": 2, "nota": 0}}, {"model": "cyd.notahito", "pk": 7, "fields": {"asignacion": 7, "cr_hito": 1, "nota": 30}}, {"model": "cyd.notahito", "pk": 8, "fields": {"asignacion": 7, "cr_hito": 2, "nota": 20}}, {"model": "cyd.notahito", "pk": 9, "fields": {"asignacion": 8, "cr_hito": 1, "nota": 0}}, {"model": "cyd.notahito", "pk": 10, "fields": {"asignacion": 8, "cr_hito": 2, "nota": 0}}, {"model": "cyd.notahito", "pk": 13, "fields": {"asignacion": 10, "cr_hito": 1, "nota": 0}}, {"model": "cyd.notahito", "pk": 14, "fields": {"asignacion": 10, "cr_hito": 2, "nota": 0}}, {"model": "cyd.notahito", "pk": 15, "fields": {"asignacion": 11, "cr_hito": 1, "nota": 0}}, {"model": "cyd.notahito", "pk": 16, "fields": {"asignacion": 11, "cr_hito": 2, "nota": 0}}, {"model": "cyd.notahito", "pk": 17, "fields": {"asignacion": 12, "cr_hito": 1, "nota": 30}}, {"model": "cyd.notahito", "pk": 18, "fields": {"asignacion": 12, "cr_hito": 2, "nota": 20}}, {"model": "cyd.notahito", "pk": 21, "fields": {"asignacion": 14, "cr_hito": 1, "nota": 20}}, {"model": "cyd.notahito", "pk": 22, "fields": {"asignacion": 14, "cr_hito": 2, "nota": 20}}, {"model": "cyd.notahito", "pk": 23, "fields": {"asignacion": 15, "cr_hito": 1, "nota": 20}}, {"model": "cyd.notahito", "pk": 24, "fields": {"asignacion": 15, "cr_hito": 2, "nota": 20}}, {"model": "cyd.notahito", "pk": 27, "fields": {"asignacion": 17, "cr_hito": 1, "nota": 30}}, {"model": "cyd.notahito", "pk": 28, "fields": {"asignacion": 17, "cr_hito": 2, "nota": 20}}, {"model": "cyd.notahito", "pk": 29, "fields": {"asignacion": 18, "cr_hito": 1, "nota": 0}}, {"model": "cyd.notahito", "pk": 30, "fields": {"asignacion": 18, "cr_hito": 2, "nota": 0}}, {"model": "cyd.notahito", "pk": 31, "fields": {"asignacion": 19, "cr_hito": 1, "nota": 0}}, {"model": "cyd.notahito", "pk": 32, "fields": {"asignacion": 19, "cr_hito": 2, "nota": 0}}, {"model": "cyd.notahito", "pk": 33, "fields": {"asignacion": 20, "cr_hito": 1, "nota": 0}}, {"model": "cyd.notahito", "pk": 34, "fields": {"asignacion": 21, "cr_hito": 1, "nota": 10}}, {"model": "cyd.notahito", "pk": 35, "fields": {"asignacion": 20, "cr_hito": 2, "nota": 0}}, {"model": "cyd.notahito", "pk": 36, "fields": {"asignacion": 21, "cr_hito": 2, "nota": 20}}, {"model": "cyd.notahito", "pk": 841, "fields": {"asignacion": 424, "cr_hito": 3, "nota": 0}}, {"model": "cyd.notahito", "pk": 842, "fields": {"asignacion": 424, "cr_hito": 4, "nota": 0}}, {"model": "cyd.notahito", "pk": 843, "fields": {"asignacion": 425, "cr_hito": 1, "nota": 0}}, {"model": "cyd.notahito", "pk": 844, "fields": {"asignacion": 425, "cr_hito": 2, "nota": 0}}, {"model": "cyd.notahito", "pk": 845, "fields": {"asignacion": 426, "cr_hito": 7, "nota": 20}}, {"model": "cyd.notahito", "pk": 846, "fields": {"asignacion": 426, "cr_hito": 8, "nota": 0}}, {"model": "cyd.notahito", "pk": 847, "fields": {"asignacion": 427, "cr_hito": 5, "nota": 15}}, {"model": "cyd.notahito", "pk": 848, "fields": {"asignacion": 427, "cr_hito": 6, "nota": 20}}, {"model": "cyd.notahito", "pk": 849, "fields": {"asignacion": 428, "cr_hito": 3, "nota": 15}}, {"model": "cyd.notahito", "pk": 850, "fields": {"asignacion": 428, "cr_hito": 4, "nota": 0}}]