[
{
   "model": "sites.site",
   "pk": 1,
   "fields": {
      "domain": "example.com",
      "name": "example.com"
   }
},
{
   "model": "auth.group",
   "pk": 1,
   "fields": {
      "name": "admin",
      "permissions": [
         40,
         41,
         42,
         37,
         38,
         39,
         4,
         5,
         6,
         13,
         14,
         15,
         7,
         8,
         9,
         10,
         11,
         12,
         16,
         17,
         18,
         160,
         161,
         162,
         157,
         158,
         159,
         169,
         170,
         171,
         178,
         179,
         180,
         175,
         176,
         177,
         166,
         167,
         168,
         154,
         155,
         156,
         151,
         152,
         153,
         172,
         173,
         174,
         181,
         182,
         183,
         163,
         164,
         165,
         277,
         278,
         279,
         280,
         281,
         282,
         274,
         275,
         276,
         31,
         32,
         33,
         34,
         35,
         36,
         28,
         29,
         30,
         22,
         23,
         24,
         25,
         26,
         27,
         79,
         80,
         81,
         85,
         86,
         87,
         97,
         98,
         99,
         73,
         74,
         75,
         67,
         68,
         69,
         94,
         95,
         96,
         76,
         77,
         78,
         100,
         101,
         102,
         91,
         92,
         93,
         247,
         248,
         249,
         70,
         71,
         72,
         82,
         83,
         84,
         88,
         89,
         90,
         133,
         134,
         135,
         136,
         137,
         138,
         130,
         131,
         132,
         145,
         146,
         147,
         142,
         143,
         144,
         139,
         140,
         141,
         148,
         149,
         150,
         103,
         104,
         105,
         118,
         119,
         120,
         115,
         116,
         117,
         112,
         113,
         114,
         109,
         110,
         111,
         124,
         125,
         126,
         127,
         128,
         129,
         106,
         107,
         108,
         64,
         65,
         66,
         61,
         62,
         63,
         58,
         59,
         60,
         196,
         197,
         198,
         187,
         188,
         189,
         208,
         209,
         210,
         202,
         203,
         204,
         205,
         206,
         207,
         199,
         200,
         201,
         190,
         191,
         192,
         193,
         194,
         195,
         211,
         212,
         213,
         214,
         215,
         216,
         283,
         284,
         285,
         19,
         20,
         21,
         1,
         2,
         3,
         43,
         44,
         45,
         49,
         50,
         51,
         46,
         47,
         48,
         265,
         266,
         267,
         223,
         224,
         225,
         232,
         233,
         234,
         271,
         272,
         273,
         226,
         227,
         228,
         241,
         242,
         243,
         235,
         236,
         237,
         244,
         245,
         246,
         220,
         221,
         222,
         238,
         239,
         240,
         259,
         260,
         261,
         256,
         257,
         258,
         268,
         269,
         270,
         250,
         251,
         252,
         229,
         230,
         231,
         262,
         263,
         264,
         253,
         254,
         255,
         52,
         53,
         54
      ]
   }
},
{
   "model": "auth.group",
   "pk": 2,
   "fields": {
      "name": "soporte",
      "permissions": []
   }
},
{
   "model": "auth.group",
   "pk": 3,
   "fields": {
      "name": "cyd",
      "permissions": [
         283,
         284
      ]
   }
},
{
   "model": "auth.group",
   "pk": 4,
   "fields": {
      "name": "tpe",
      "permissions": []
   }
},
{
   "model": "auth.group",
   "pk": 5,
   "fields": {
      "name": "mye",
      "permissions": [
         247,
         248,
         196,
         197,
         198,
         187,
         188,
         189,
         208,
         209,
         210,
         202,
         203,
         204,
         205,
         206,
         207,
         199,
         200,
         201,
         190,
         191,
         192,
         193,
         194,
         195,
         211,
         212,
         213,
         214,
         215,
         216,
         271,
         272,
         273,
         244,
         245,
         259,
         260,
         268,
         269,
         270,
         250,
         251,
         262,
         263,
         253,
         254
      ]
   }
},
{
   "model": "auth.group",
   "pk": 6,
   "fields": {
      "name": "fr",
      "permissions": [
         133,
         134,
         135,
         136,
         137,
         138,
         130,
         131,
         132,
         145,
         146,
         147,
         142,
         143,
         144,
         139,
         140,
         141,
         148,
         149,
         150
      ]
   }
},
{
   "model": "auth.group",
   "pk": 7,
   "fields": {
      "name": "cyd_capacitador",
      "permissions": [
         160,
         161,
         157,
         158,
         166,
         167,
         181,
         182,
         163,
         164
      ]
   }
},
{
   "model": "auth.group",
   "pk": 8,
   "fields": {
      "name": "kardex",
      "permissions": [
         79,
         80,
         81,
         73,
         74,
         75,
         67,
         68,
         69,
         76,
         77,
         78,
         70,
         71,
         72,
         82,
         83,
         84,
         88,
         89,
         90,
         64,
         65,
         66,
         265,
         266,
         267
      ]
   }
},
{
   "model": "auth.group",
   "pk": 9,
   "fields": {
      "name": "cyd_admin",
      "permissions": [
         160,
         161,
         162,
         157,
         158,
         159,
         169,
         170,
         171,
         178,
         179,
         180,
         175,
         176,
         177,
         166,
         167,
         168,
         154,
         155,
         156,
         151,
         152,
         153,
         172,
         173,
         174,
         181,
         182,
         183,
         163,
         164,
         165,
         277,
         278,
         279,
         280,
         281,
         282,
         322,
         323,
         324,
         319,
         320,
         321,
         325,
         326,
         327,
         331,
         332,
         333,
         334,
         335,
         336,
         316,
         317,
         318,
         337,
         338,
         339,
         328,
         329,
         330,
         283,
         284,
         285
      ]
   }
},
{
   "model": "auth.group",
   "pk": 10,
   "fields": {
      "name": "garantia",
      "permissions": [
         235,
         236,
         244,
         245,
         220,
         221,
         238,
         239,
         259,
         260,
         268,
         269,
         250,
         251,
         229,
         230,
         262,
         263,
         253,
         254
      ]
   }
},
{
   "model": "auth.group",
   "pk": 11,
   "fields": {
      "name": "tpe_admin",
      "permissions": [
         223,
         224,
         225,
         232,
         233,
         234,
         226,
         227,
         228,
         241,
         242,
         243,
         235,
         236,
         237,
         244,
         245,
         246,
         220,
         221,
         222,
         238,
         239,
         240,
         229,
         230,
         231
      ]
   }
},
{
   "model": "auth.group",
   "pk": 12,
   "fields": {
      "name": "mye_validacion_nula",
      "permissions": [
         190,
         191,
         193,
         194
      ]
   }
},
{
   "model": "auth.group",
   "pk": 13,
   "fields": {
      "name": "tpe_tecnico",
      "permissions": [
         244,
         245,
         220,
         221,
         259,
         260,
         268,
         269,
         229,
         230,
         262,
         263
      ]
   }
},
{
   "model": "auth.group",
   "pk": 14,
   "fields": {
      "name": "consulta",
      "permissions": []
   }
},
{
   "model": "auth.group",
   "pk": 15,
   "fields": {
      "name": "dejando_huella",
      "permissions": [
         277,
         278,
         279,
         280,
         281,
         282,
         196,
         197,
         208,
         209
      ]
   }
},
{
   "model": "auth.group",
   "pk": 16,
   "fields": {
      "name": "naat_facilitador",
      "permissions": []
   }
},
{
   "model": "auth.group",
   "pk": 17,
   "fields": {
      "name": "kalite",
      "permissions": [
         322,
         323,
         324,
         319,
         320,
         321,
         325,
         326,
         327,
         334,
         335,
         336,
         328,
         329,
         330
      ]
   }
},
{
   "model": "auth.group",
   "pk": 18,
   "fields": {
      "name": "nacion_digital",
      "permissions": [
         247,
         364,
         365,
         366,
         358,
         359,
         360,
         355,
         356,
         357,
         361,
         362,
         363,
         370,
         371,
         372,
         367,
         368,
         369,
         385,
         386
      ]
   }
},
{
   "model": "auth.group",
   "pk": 19,
   "fields": {
      "name": "nacion_digital_admin",
      "permissions": [
         364,
         365,
         366,
         358,
         359,
         360,
         355,
         356,
         357,
         379,
         380,
         381,
         361,
         362,
         363,
         388,
         389,
         390,
         370,
         371,
         372,
         382,
         383,
         384,
         367,
         368,
         369,
         385,
         386,
         387,
         391,
         392,
         393
      ]
   }
},
{
   "model": "auth.user",
   "pk": 1,
   "fields": {
      "password": "pbkdf2_sha256$30000$iM1M44pojeDp$grm0LBbIisIzsuJnkTSR0hezh53b/oi1wYHrki08tE0=",
      "last_login": "2017-11-01T17:06:56.409Z",
      "is_superuser": true,
      "username": "chuik",
      "first_name": "Luis",
      "last_name": "Contreras",
      "email": "jinchuika@gmail.com",
      "is_staff": true,
      "is_active": true,
      "date_joined": "2017-02-21T16:24:27.653Z",
      "groups": [
         1,
         2,
         3,
         4,
         5,
         6,
         7,
         8,
         9,
         10,
         11,
         13,
         15,
         17,
         19
      ],
      "user_permissions": []
   }
},
{
   "model": "auth.user",
   "pk": 2,
   "fields": {
      "password": "pbkdf2_sha256$30000$oHiYDt4SRgkd$XjoXqsrPCo3hnz8awlMadFaRE8PfhbPnOpmsJSOERNc=",
      "last_login": "2017-10-27T16:44:03.291Z",
      "is_superuser": false,
      "username": "vfuentes",
      "first_name": "Valeria",
      "last_name": "Fuentes",
      "email": "vfuentes@funsepa.org",
      "is_staff": false,
      "is_active": true,
      "date_joined": "2017-02-21T16:33:40.357Z",
      "groups": [
         18
      ],
      "user_permissions": [
         88,
         355
      ]
   }
},
{
   "model": "auth.user",
   "pk": 3,
   "fields": {
      "password": "pbkdf2_sha256$30000$1Eab8wQbO5lj$tMP8ySXDw0VkeAHz73e631Ptm7w/nAPAxyqJUTJOuQ8=",
      "last_login": "2017-11-01T18:36:33.419Z",
      "is_superuser": false,
      "username": "grosales",
      "first_name": "Gustavo",
      "last_name": "Rosales",
      "email": "grosales@funsepa.org",
      "is_staff": false,
      "is_active": true,
      "date_joined": "2017-06-02T20:15:48.420Z",
      "groups": [
         3,
         7,
         16
      ],
      "user_permissions": []
   }
},
{
   "model": "auth.user",
   "pk": 4,
   "fields": {
      "password": "pbkdf2_sha256$30000$ykeW1xfFAGas$vqlxU2sXSANItCr9zVF7HKiKQRBa8eg3F+0bmHlvxTs=",
      "last_login": "2017-08-28T15:32:18.123Z",
      "is_superuser": false,
      "username": "mflores",
      "first_name": "Mary",
      "last_name": "Flores",
      "email": "mflores@funsepa.org",
      "is_staff": false,
      "is_active": true,
      "date_joined": "2017-06-02T20:16:47.451Z",
      "groups": [
         3,
         7,
         16,
         17
      ],
      "user_permissions": []
   }
},
{
   "model": "auth.user",
   "pk": 5,
   "fields": {
      "password": "pbkdf2_sha256$30000$S6WUEXYrAZh8$iMnOmvGYn0HkHs/fc4HWOfjJTciCBDhEox0aPy3O0kc=",
      "last_login": "2017-06-13T16:51:18Z",
      "is_superuser": false,
      "username": "czuniga",
      "first_name": "Carmen",
      "last_name": "Z\u00faniga",
      "email": "czuniga@funsepa.org",
      "is_staff": false,
      "is_active": true,
      "date_joined": "2017-06-06T14:13:23.981Z",
      "groups": [
         14,
         15
      ],
      "user_permissions": []
   }
},
{
   "model": "auth.user",
   "pk": 6,
   "fields": {
      "password": "pbkdf2_sha256$30000$zSBGWfq09s9z$T3mQg5C3/Q9Aboeu/+uaFwSieceur59DcG/lpvuZqLs=",
      "last_login": null,
      "is_superuser": false,
      "username": "tester",
      "first_name": "Usuario",
      "last_name": "Prueba",
      "email": "uprueba@corre.com",
      "is_staff": false,
      "is_active": true,
      "date_joined": "2017-11-01T17:07:32.397Z",
      "groups": [],
      "user_permissions": []
   }
},
{
   "model": "easy_thumbnails.source",
   "pk": 1,
   "fields": {
      "storage_hash": "f9bde26a1556cd667f742bd34ec7c55e",
      "name": "perfil_usuario/7_2UMDRpR.jpg",
      "modified": "2017-04-27T21:22:43.268Z"
   }
},
{
   "model": "easy_thumbnails.source",
   "pk": 2,
   "fields": {
      "storage_hash": "f9bde26a1556cd667f742bd34ec7c55e",
      "name": "perfil_usuario/20170516_105454.jpg",
      "modified": "2017-06-22T19:59:49.539Z"
   }
},
{
   "model": "easy_thumbnails.source",
   "pk": 3,
   "fields": {
      "storage_hash": "f9bde26a1556cd667f742bd34ec7c55e",
      "name": "perfil_usuario/Dimas_Franco.jpg",
      "modified": "2017-10-16T18:13:13.551Z"
   }
},
{
   "model": "easy_thumbnails.thumbnail",
   "pk": 1,
   "fields": {
      "storage_hash": "d26becbf46ac48eda79c7a39a13a02dd",
      "name": "perfil_usuario/7_2UMDRpR.jpg.180x180_q85_crop.jpg",
      "modified": "2017-04-27T21:22:43.272Z",
      "source": 1
   }
},
{
   "model": "easy_thumbnails.thumbnail",
   "pk": 2,
   "fields": {
      "storage_hash": "d26becbf46ac48eda79c7a39a13a02dd",
      "name": "perfil_usuario/7_2UMDRpR.jpg.90x90_q85_crop.jpg",
      "modified": "2017-04-27T21:22:43.322Z",
      "source": 1
   }
},
{
   "model": "easy_thumbnails.thumbnail",
   "pk": 3,
   "fields": {
      "storage_hash": "d26becbf46ac48eda79c7a39a13a02dd",
      "name": "perfil_usuario/20170516_105454.jpg.180x180_q85_crop.jpg",
      "modified": "2017-06-22T19:59:49.543Z",
      "source": 2
   }
},
{
   "model": "easy_thumbnails.thumbnail",
   "pk": 4,
   "fields": {
      "storage_hash": "d26becbf46ac48eda79c7a39a13a02dd",
      "name": "perfil_usuario/20170516_105454.jpg.90x90_q85_crop.jpg",
      "modified": "2017-06-22T19:59:50.204Z",
      "source": 2
   }
},
{
   "model": "easy_thumbnails.thumbnail",
   "pk": 5,
   "fields": {
      "storage_hash": "d26becbf46ac48eda79c7a39a13a02dd",
      "name": "perfil_usuario/Dimas_Franco.jpg.180x180_q85_crop.jpg",
      "modified": "2017-10-16T18:13:13.556Z",
      "source": 3
   }
},
{
   "model": "easy_thumbnails.thumbnail",
   "pk": 6,
   "fields": {
      "storage_hash": "d26becbf46ac48eda79c7a39a13a02dd",
      "name": "perfil_usuario/Dimas_Franco.jpg.90x90_q85_crop.jpg",
      "modified": "2017-10-16T18:13:13.581Z",
      "source": 3
   }
},
{
   "model": "dynamic_preferences.globalpreferencemodel",
   "pk": 1,
   "fields": {
      "section": "admin",
      "name": "registro_usuarios",
      "raw_value": "False"
   }
},
{
   "model": "dynamic_preferences.userpreferencemodel",
   "pk": 1,
   "fields": {
      "section": "ui",
      "name": "skin",
      "raw_value": "skin-green",
      "instance": 1
   }
},
{
   "model": "dynamic_preferences.userpreferencemodel",
   "pk": 2,
   "fields": {
      "section": "ui",
      "name": "fixed",
      "raw_value": "False",
      "instance": 1
   }
},
{
   "model": "dynamic_preferences.userpreferencemodel",
   "pk": 3,
   "fields": {
      "section": "ui",
      "name": "skin",
      "raw_value": "skin-purple",
      "instance": 2
   }
},
{
   "model": "dynamic_preferences.userpreferencemodel",
   "pk": 4,
   "fields": {
      "section": "ui",
      "name": "fixed",
      "raw_value": "False",
      "instance": 2
   }
},
{
   "model": "dynamic_preferences.userpreferencemodel",
   "pk": 5,
   "fields": {
      "section": "ui",
      "name": "skin",
      "raw_value": "skin-blue",
      "instance": 3
   }
},
{
   "model": "dynamic_preferences.userpreferencemodel",
   "pk": 6,
   "fields": {
      "section": "ui",
      "name": "fixed",
      "raw_value": "False",
      "instance": 3
   }
},
{
   "model": "dynamic_preferences.userpreferencemodel",
   "pk": 7,
   "fields": {
      "section": "ui",
      "name": "skin",
      "raw_value": "skin-purple",
      "instance": 4
   }
},
{
   "model": "dynamic_preferences.userpreferencemodel",
   "pk": 8,
   "fields": {
      "section": "ui",
      "name": "fixed",
      "raw_value": "False",
      "instance": 4
   }
},
{
   "model": "dynamic_preferences.userpreferencemodel",
   "pk": 9,
   "fields": {
      "section": "ui",
      "name": "skin",
      "raw_value": "skin-blue",
      "instance": 5
   }
},
{
   "model": "dynamic_preferences.userpreferencemodel",
   "pk": 10,
   "fields": {
      "section": "ui",
      "name": "fixed",
      "raw_value": "False",
      "instance": 5
   }
},
{
   "model": "dynamic_preferences.userpreferencemodel",
   "pk": 11,
   "fields": {
      "section": "ui",
      "name": "skin",
      "raw_value": "skin-blue",
      "instance": 6
   }
},
{
   "model": "dynamic_preferences.userpreferencemodel",
   "pk": 12,
   "fields": {
      "section": "ui",
      "name": "fixed",
      "raw_value": "False",
      "instance": 6
   }
},
{
   "model": "socialaccount.socialapp",
   "pk": 1,
   "fields": {
      "provider": "google",
      "name": "Funsepa.org",
      "client_id": "24017118225-q01cd6jkhhmbhsarjrtg09s7ia9t48qv.apps.googleusercontent.com",
      "secret": "HtMqZY2yrMYKFVSTj3BZGi07",
      "key": "",
      "sites": [
         1
      ]
   }
},
{
   "model": "main.departamento",
   "pk": 1,
   "fields": {
      "nombre": "GUATEMALA"
   }
},
{
   "model": "main.departamento",
   "pk": 2,
   "fields": {
      "nombre": "EL PROGRESO"
   }
},
{
   "model": "main.departamento",
   "pk": 3,
   "fields": {
      "nombre": "SACATEPEQUEZ"
   }
},
{
   "model": "main.departamento",
   "pk": 4,
   "fields": {
      "nombre": "CHIMALTENANGO"
   }
},
{
   "model": "main.departamento",
   "pk": 5,
   "fields": {
      "nombre": "ESCUINTLA"
   }
},
{
   "model": "main.departamento",
   "pk": 6,
   "fields": {
      "nombre": "SANTA ROSA"
   }
},
{
   "model": "main.departamento",
   "pk": 7,
   "fields": {
      "nombre": "SOLOLA"
   }
},
{
   "model": "main.departamento",
   "pk": 8,
   "fields": {
      "nombre": "TOTONICAPAN"
   }
},
{
   "model": "main.departamento",
   "pk": 9,
   "fields": {
      "nombre": "QUETZALTENANGO"
   }
},
{
   "model": "main.departamento",
   "pk": 10,
   "fields": {
      "nombre": "SUCHITEPEQUEZ"
   }
},
{
   "model": "main.departamento",
   "pk": 11,
   "fields": {
      "nombre": "RETALHULEU"
   }
},
{
   "model": "main.departamento",
   "pk": 12,
   "fields": {
      "nombre": "SAN MARCOS"
   }
},
{
   "model": "main.departamento",
   "pk": 13,
   "fields": {
      "nombre": "HUEHUETENANGO"
   }
},
{
   "model": "main.departamento",
   "pk": 14,
   "fields": {
      "nombre": "QUICHE"
   }
},
{
   "model": "main.departamento",
   "pk": 15,
   "fields": {
      "nombre": "BAJA VERAPAZ"
   }
},
{
   "model": "main.departamento",
   "pk": 16,
   "fields": {
      "nombre": "ALTA VERAPAZ"
   }
},
{
   "model": "main.departamento",
   "pk": 17,
   "fields": {
      "nombre": "PETEN"
   }
},
{
   "model": "main.departamento",
   "pk": 18,
   "fields": {
      "nombre": "IZABAL"
   }
},
{
   "model": "main.departamento",
   "pk": 19,
   "fields": {
      "nombre": "ZACAPA"
   }
},
{
   "model": "main.departamento",
   "pk": 20,
   "fields": {
      "nombre": "CHIQUIMULA"
   }
},
{
   "model": "main.departamento",
   "pk": 21,
   "fields": {
      "nombre": "JALAPA"
   }
},
{
   "model": "main.departamento",
   "pk": 22,
   "fields": {
      "nombre": "JUTIAPA"
   }
},
{
   "model": "main.municipio",
   "pk": 101,
   "fields": {
      "departamento": 1,
      "nombre": "GUATEMALA"
   }
},
{
   "model": "main.municipio",
   "pk": 102,
   "fields": {
      "departamento": 1,
      "nombre": "SANTA CATARINA PINULA"
   }
},
{
   "model": "main.municipio",
   "pk": 103,
   "fields": {
      "departamento": 1,
      "nombre": "SAN JOSE PINULA"
   }
},
{
   "model": "main.municipio",
   "pk": 104,
   "fields": {
      "departamento": 1,
      "nombre": "SAN JOSE DEL GOLFO"
   }
},
{
   "model": "main.municipio",
   "pk": 105,
   "fields": {
      "departamento": 1,
      "nombre": "PALENCIA"
   }
},
{
   "model": "main.municipio",
   "pk": 106,
   "fields": {
      "departamento": 1,
      "nombre": "CHINAUTLA"
   }
},
{
   "model": "main.municipio",
   "pk": 107,
   "fields": {
      "departamento": 1,
      "nombre": "SAN PEDRO AYAMPUC"
   }
},
{
   "model": "main.municipio",
   "pk": 108,
   "fields": {
      "departamento": 1,
      "nombre": "MIXCO"
   }
},
{
   "model": "main.municipio",
   "pk": 109,
   "fields": {
      "departamento": 1,
      "nombre": "SAN PEDRO SACATEPEQUEZ"
   }
},
{
   "model": "main.municipio",
   "pk": 110,
   "fields": {
      "departamento": 1,
      "nombre": "SAN JUAN SACATEPEQUEZ"
   }
},
{
   "model": "main.municipio",
   "pk": 111,
   "fields": {
      "departamento": 1,
      "nombre": "SAN RAYMUNDO"
   }
},
{
   "model": "main.municipio",
   "pk": 112,
   "fields": {
      "departamento": 1,
      "nombre": "CHUARRANCHO"
   }
},
{
   "model": "main.municipio",
   "pk": 113,
   "fields": {
      "departamento": 1,
      "nombre": "FRAIJANES"
   }
},
{
   "model": "main.municipio",
   "pk": 114,
   "fields": {
      "departamento": 1,
      "nombre": "AMATITLAN"
   }
},
{
   "model": "main.municipio",
   "pk": 115,
   "fields": {
      "departamento": 1,
      "nombre": "VILLA NUEVA"
   }
},
{
   "model": "main.municipio",
   "pk": 116,
   "fields": {
      "departamento": 1,
      "nombre": "VILLA CANALES"
   }
},
{
   "model": "main.municipio",
   "pk": 117,
   "fields": {
      "departamento": 1,
      "nombre": "SAN MIGUEL PETAPA"
   }
},
{
   "model": "main.municipio",
   "pk": 201,
   "fields": {
      "departamento": 2,
      "nombre": "GUASTATOYA"
   }
},
{
   "model": "main.municipio",
   "pk": 202,
   "fields": {
      "departamento": 2,
      "nombre": "MORAZAN"
   }
},
{
   "model": "main.municipio",
   "pk": 203,
   "fields": {
      "departamento": 2,
      "nombre": "SAN AGUSTIN ACASAGUASTLAN"
   }
},
{
   "model": "main.municipio",
   "pk": 204,
   "fields": {
      "departamento": 2,
      "nombre": "SAN CRISTOBAL ACASAGUASTLAN"
   }
},
{
   "model": "main.municipio",
   "pk": 205,
   "fields": {
      "departamento": 2,
      "nombre": "EL JICARO"
   }
},
{
   "model": "main.municipio",
   "pk": 206,
   "fields": {
      "departamento": 2,
      "nombre": "SANSARE"
   }
},
{
   "model": "main.municipio",
   "pk": 207,
   "fields": {
      "departamento": 2,
      "nombre": "SANARATE"
   }
},
{
   "model": "main.municipio",
   "pk": 208,
   "fields": {
      "departamento": 2,
      "nombre": "SAN ANTONIO LA PAZ"
   }
},
{
   "model": "main.municipio",
   "pk": 301,
   "fields": {
      "departamento": 3,
      "nombre": "ANTIGUA GUATEMALA"
   }
},
{
   "model": "main.municipio",
   "pk": 302,
   "fields": {
      "departamento": 3,
      "nombre": "JOCOTENANGO"
   }
},
{
   "model": "main.municipio",
   "pk": 303,
   "fields": {
      "departamento": 3,
      "nombre": "PASTORES"
   }
},
{
   "model": "main.municipio",
   "pk": 304,
   "fields": {
      "departamento": 3,
      "nombre": "SUMPANGO"
   }
},
{
   "model": "main.municipio",
   "pk": 305,
   "fields": {
      "departamento": 3,
      "nombre": "SANTO DOMINGO XENACOJ"
   }
},
{
   "model": "main.municipio",
   "pk": 306,
   "fields": {
      "departamento": 3,
      "nombre": "SANTIAGO SACATEPEQUEZ"
   }
},
{
   "model": "main.municipio",
   "pk": 307,
   "fields": {
      "departamento": 3,
      "nombre": "SAN BARTOLOME MILPAS ALTAS"
   }
},
{
   "model": "main.municipio",
   "pk": 308,
   "fields": {
      "departamento": 3,
      "nombre": "SAN LUCAS SACATEPEQUEZ"
   }
},
{
   "model": "main.municipio",
   "pk": 309,
   "fields": {
      "departamento": 3,
      "nombre": "SANTA LUCIA MILPAS ALTAS"
   }
},
{
   "model": "main.municipio",
   "pk": 310,
   "fields": {
      "departamento": 3,
      "nombre": "MAGDALENA MILPAS ALTAS"
   }
},
{
   "model": "main.municipio",
   "pk": 311,
   "fields": {
      "departamento": 3,
      "nombre": "SANTA MARIA DE JESUS"
   }
},
{
   "model": "main.municipio",
   "pk": 312,
   "fields": {
      "departamento": 3,
      "nombre": "CIUDAD VIEJA"
   }
},
{
   "model": "main.municipio",
   "pk": 313,
   "fields": {
      "departamento": 3,
      "nombre": "SAN MIGUEL DUE\u00d1AS"
   }
},
{
   "model": "main.municipio",
   "pk": 314,
   "fields": {
      "departamento": 3,
      "nombre": "SAN JUAN ALOTENANGO"
   }
},
{
   "model": "main.municipio",
   "pk": 315,
   "fields": {
      "departamento": 3,
      "nombre": "SAN ANTONIO AGUAS CALIENTES"
   }
},
{
   "model": "main.municipio",
   "pk": 316,
   "fields": {
      "departamento": 3,
      "nombre": "SANTA CATARINA BARAHONA"
   }
},
{
   "model": "main.municipio",
   "pk": 401,
   "fields": {
      "departamento": 4,
      "nombre": "CHIMALTENANGO"
   }
},
{
   "model": "main.municipio",
   "pk": 402,
   "fields": {
      "departamento": 4,
      "nombre": "SAN JOSE POAQUIL"
   }
},
{
   "model": "main.municipio",
   "pk": 403,
   "fields": {
      "departamento": 4,
      "nombre": "SAN MARTIN JILOTEPEQUE"
   }
},
{
   "model": "main.municipio",
   "pk": 404,
   "fields": {
      "departamento": 4,
      "nombre": "SAN JUAN COMALAPA"
   }
},
{
   "model": "main.municipio",
   "pk": 405,
   "fields": {
      "departamento": 4,
      "nombre": "SANTA APOLONIA"
   }
},
{
   "model": "main.municipio",
   "pk": 406,
   "fields": {
      "departamento": 4,
      "nombre": "TECPAN GUATEMALA"
   }
},
{
   "model": "main.municipio",
   "pk": 407,
   "fields": {
      "departamento": 4,
      "nombre": "PATZUN"
   }
},
{
   "model": "main.municipio",
   "pk": 408,
   "fields": {
      "departamento": 4,
      "nombre": "SAN MIGUEL POCHUTA"
   }
},
{
   "model": "main.municipio",
   "pk": 409,
   "fields": {
      "departamento": 4,
      "nombre": "PATZICIA"
   }
},
{
   "model": "main.municipio",
   "pk": 410,
   "fields": {
      "departamento": 4,
      "nombre": "SANTA CRUZ BALANYA"
   }
},
{
   "model": "main.municipio",
   "pk": 411,
   "fields": {
      "departamento": 4,
      "nombre": "ACATENANGO"
   }
},
{
   "model": "main.municipio",
   "pk": 412,
   "fields": {
      "departamento": 4,
      "nombre": "SAN PEDRO YEPOCAPA"
   }
},
{
   "model": "main.municipio",
   "pk": 413,
   "fields": {
      "departamento": 4,
      "nombre": "SAN ANDRES ITZAPA"
   }
},
{
   "model": "main.municipio",
   "pk": 414,
   "fields": {
      "departamento": 4,
      "nombre": "PARRAMOS"
   }
},
{
   "model": "main.municipio",
   "pk": 415,
   "fields": {
      "departamento": 4,
      "nombre": "ZARAGOZA"
   }
},
{
   "model": "main.municipio",
   "pk": 416,
   "fields": {
      "departamento": 4,
      "nombre": "EL TEJAR"
   }
},
{
   "model": "main.municipio",
   "pk": 501,
   "fields": {
      "departamento": 5,
      "nombre": "ESCUINTLA"
   }
},
{
   "model": "main.municipio",
   "pk": 502,
   "fields": {
      "departamento": 5,
      "nombre": "SANTA LUCIA COTZUMALGUAPA"
   }
},
{
   "model": "main.municipio",
   "pk": 503,
   "fields": {
      "departamento": 5,
      "nombre": "LA DEMOCRACIA"
   }
},
{
   "model": "main.municipio",
   "pk": 504,
   "fields": {
      "departamento": 5,
      "nombre": "SIQUINALA"
   }
},
{
   "model": "main.municipio",
   "pk": 505,
   "fields": {
      "departamento": 5,
      "nombre": "MASAGUA"
   }
},
{
   "model": "main.municipio",
   "pk": 506,
   "fields": {
      "departamento": 5,
      "nombre": "PUEBLO NUEVO TIQUISATE"
   }
},
{
   "model": "main.municipio",
   "pk": 507,
   "fields": {
      "departamento": 5,
      "nombre": "LA GOMERA"
   }
},
{
   "model": "main.municipio",
   "pk": 508,
   "fields": {
      "departamento": 5,
      "nombre": "GUANAGAZAPA"
   }
},
{
   "model": "main.municipio",
   "pk": 509,
   "fields": {
      "departamento": 5,
      "nombre": "SAN JOSE"
   }
},
{
   "model": "main.municipio",
   "pk": 510,
   "fields": {
      "departamento": 5,
      "nombre": "IZTAPA"
   }
},
{
   "model": "main.municipio",
   "pk": 511,
   "fields": {
      "departamento": 5,
      "nombre": "PALIN"
   }
},
{
   "model": "main.municipio",
   "pk": 512,
   "fields": {
      "departamento": 5,
      "nombre": "SAN VICENTE PACAYA"
   }
},
{
   "model": "main.municipio",
   "pk": 513,
   "fields": {
      "departamento": 5,
      "nombre": "NUEVA CONCEPCION"
   }
},
{
   "model": "main.municipio",
   "pk": 514,
   "fields": {
      "departamento": 5,
      "nombre": "Chipot\u00f3n"
   }
},
{
   "model": "main.municipio",
   "pk": 601,
   "fields": {
      "departamento": 6,
      "nombre": "CUILAPA"
   }
},
{
   "model": "main.municipio",
   "pk": 602,
   "fields": {
      "departamento": 6,
      "nombre": "BARBERENA"
   }
},
{
   "model": "main.municipio",
   "pk": 603,
   "fields": {
      "departamento": 6,
      "nombre": "SANTA ROSA DE LIMA"
   }
},
{
   "model": "main.municipio",
   "pk": 604,
   "fields": {
      "departamento": 6,
      "nombre": "CASILLAS"
   }
},
{
   "model": "main.municipio",
   "pk": 605,
   "fields": {
      "departamento": 6,
      "nombre": "SAN RAFAEL LAS FLORES"
   }
},
{
   "model": "main.municipio",
   "pk": 606,
   "fields": {
      "departamento": 6,
      "nombre": "ORATORIO"
   }
},
{
   "model": "main.municipio",
   "pk": 607,
   "fields": {
      "departamento": 6,
      "nombre": "SAN JUAN TECUACO"
   }
},
{
   "model": "main.municipio",
   "pk": 608,
   "fields": {
      "departamento": 6,
      "nombre": "CHIQUIMULILLA"
   }
},
{
   "model": "main.municipio",
   "pk": 609,
   "fields": {
      "departamento": 6,
      "nombre": "TAXISCO"
   }
},
{
   "model": "main.municipio",
   "pk": 610,
   "fields": {
      "departamento": 6,
      "nombre": "SANTA MARIA IXHUATAN"
   }
},
{
   "model": "main.municipio",
   "pk": 611,
   "fields": {
      "departamento": 6,
      "nombre": "GUAZACAPAN"
   }
},
{
   "model": "main.municipio",
   "pk": 612,
   "fields": {
      "departamento": 6,
      "nombre": "SANTA CRUZ NARANJO"
   }
},
{
   "model": "main.municipio",
   "pk": 613,
   "fields": {
      "departamento": 6,
      "nombre": "PUEBLO NUEVO VI\u00d1AS"
   }
},
{
   "model": "main.municipio",
   "pk": 614,
   "fields": {
      "departamento": 6,
      "nombre": "NUEVA SANTA ROSA"
   }
},
{
   "model": "main.municipio",
   "pk": 701,
   "fields": {
      "departamento": 7,
      "nombre": "SOLOLA"
   }
},
{
   "model": "main.municipio",
   "pk": 702,
   "fields": {
      "departamento": 7,
      "nombre": "SAN JOSE CHACAYA"
   }
},
{
   "model": "main.municipio",
   "pk": 703,
   "fields": {
      "departamento": 7,
      "nombre": "SANTA MARIA VISITACION"
   }
},
{
   "model": "main.municipio",
   "pk": 704,
   "fields": {
      "departamento": 7,
      "nombre": "SANTA LUCIA UTATLAN"
   }
},
{
   "model": "main.municipio",
   "pk": 705,
   "fields": {
      "departamento": 7,
      "nombre": "NAHUALA"
   }
},
{
   "model": "main.municipio",
   "pk": 706,
   "fields": {
      "departamento": 7,
      "nombre": "SANTA CATARINA IXTAHUACAN"
   }
},
{
   "model": "main.municipio",
   "pk": 707,
   "fields": {
      "departamento": 7,
      "nombre": "SANTA CLARA LA LAGUNA"
   }
},
{
   "model": "main.municipio",
   "pk": 708,
   "fields": {
      "departamento": 7,
      "nombre": "CONCEPCION"
   }
},
{
   "model": "main.municipio",
   "pk": 709,
   "fields": {
      "departamento": 7,
      "nombre": "SAN ANDRES SEMETABAJ"
   }
},
{
   "model": "main.municipio",
   "pk": 710,
   "fields": {
      "departamento": 7,
      "nombre": "PANAJACHEL"
   }
},
{
   "model": "main.municipio",
   "pk": 711,
   "fields": {
      "departamento": 7,
      "nombre": "SANTA CATARINA PALOPO"
   }
},
{
   "model": "main.municipio",
   "pk": 712,
   "fields": {
      "departamento": 7,
      "nombre": "SAN ANTONIO PALOPO"
   }
},
{
   "model": "main.municipio",
   "pk": 713,
   "fields": {
      "departamento": 7,
      "nombre": "SAN LUCAS TOLIMAN"
   }
},
{
   "model": "main.municipio",
   "pk": 714,
   "fields": {
      "departamento": 7,
      "nombre": "SANTA CRUZ LA LAGUNA"
   }
},
{
   "model": "main.municipio",
   "pk": 715,
   "fields": {
      "departamento": 7,
      "nombre": "SAN PABLO LA LAGUNA"
   }
},
{
   "model": "main.municipio",
   "pk": 716,
   "fields": {
      "departamento": 7,
      "nombre": "SAN MARCOS LA LAGUNA"
   }
},
{
   "model": "main.municipio",
   "pk": 717,
   "fields": {
      "departamento": 7,
      "nombre": "SAN JUAN LA LAGUNA"
   }
},
{
   "model": "main.municipio",
   "pk": 718,
   "fields": {
      "departamento": 7,
      "nombre": "SAN PEDRO LA LAGUNA"
   }
},
{
   "model": "main.municipio",
   "pk": 719,
   "fields": {
      "departamento": 7,
      "nombre": "SANTIAGO ATITLAN"
   }
},
{
   "model": "main.municipio",
   "pk": 801,
   "fields": {
      "departamento": 8,
      "nombre": "TOTONICAPAN"
   }
},
{
   "model": "main.municipio",
   "pk": 802,
   "fields": {
      "departamento": 8,
      "nombre": "SAN CRISTOBAL TOTONICAPAN"
   }
},
{
   "model": "main.municipio",
   "pk": 803,
   "fields": {
      "departamento": 8,
      "nombre": "SAN FRANCISCO EL ALTO"
   }
},
{
   "model": "main.municipio",
   "pk": 804,
   "fields": {
      "departamento": 8,
      "nombre": "SAN ANDRES XECUL"
   }
},
{
   "model": "main.municipio",
   "pk": 805,
   "fields": {
      "departamento": 8,
      "nombre": "MOMOSTENANGO"
   }
},
{
   "model": "main.municipio",
   "pk": 806,
   "fields": {
      "departamento": 8,
      "nombre": "SANTA MARIA CHIQUIMULA"
   }
},
{
   "model": "main.municipio",
   "pk": 807,
   "fields": {
      "departamento": 8,
      "nombre": "SANTA LUCIA LA REFORMA"
   }
},
{
   "model": "main.municipio",
   "pk": 808,
   "fields": {
      "departamento": 8,
      "nombre": "SAN BARTOLO AGUAS CALIENTES"
   }
},
{
   "model": "main.municipio",
   "pk": 901,
   "fields": {
      "departamento": 9,
      "nombre": "QUETZALTENANGO"
   }
},
{
   "model": "main.municipio",
   "pk": 902,
   "fields": {
      "departamento": 9,
      "nombre": "SALCAJA"
   }
},
{
   "model": "main.municipio",
   "pk": 903,
   "fields": {
      "departamento": 9,
      "nombre": "OLINTEPEQUE"
   }
},
{
   "model": "main.municipio",
   "pk": 904,
   "fields": {
      "departamento": 9,
      "nombre": "SAN CARLOS SIJA"
   }
},
{
   "model": "main.municipio",
   "pk": 905,
   "fields": {
      "departamento": 9,
      "nombre": "SIBILIA"
   }
},
{
   "model": "main.municipio",
   "pk": 906,
   "fields": {
      "departamento": 9,
      "nombre": "CABRICAN"
   }
},
{
   "model": "main.municipio",
   "pk": 907,
   "fields": {
      "departamento": 9,
      "nombre": "CAJOLA"
   }
},
{
   "model": "main.municipio",
   "pk": 908,
   "fields": {
      "departamento": 9,
      "nombre": "SAN MIGUEL SIGUILA"
   }
},
{
   "model": "main.municipio",
   "pk": 909,
   "fields": {
      "departamento": 9,
      "nombre": "SAN JUAN OSTUNCALCO"
   }
},
{
   "model": "main.municipio",
   "pk": 910,
   "fields": {
      "departamento": 9,
      "nombre": "SAN MATEO"
   }
},
{
   "model": "main.municipio",
   "pk": 911,
   "fields": {
      "departamento": 9,
      "nombre": "CONCEPCION CHIQUIRICHAPA"
   }
},
{
   "model": "main.municipio",
   "pk": 912,
   "fields": {
      "departamento": 9,
      "nombre": "SAN MARTIN SACATEPEQUEZ"
   }
},
{
   "model": "main.municipio",
   "pk": 913,
   "fields": {
      "departamento": 9,
      "nombre": "ALMOLONGA"
   }
},
{
   "model": "main.municipio",
   "pk": 914,
   "fields": {
      "departamento": 9,
      "nombre": "CANTEL"
   }
},
{
   "model": "main.municipio",
   "pk": 915,
   "fields": {
      "departamento": 9,
      "nombre": "HUITAN"
   }
},
{
   "model": "main.municipio",
   "pk": 916,
   "fields": {
      "departamento": 9,
      "nombre": "ZUNIL"
   }
},
{
   "model": "main.municipio",
   "pk": 917,
   "fields": {
      "departamento": 9,
      "nombre": "COLOMBA COSTA CUCA"
   }
},
{
   "model": "main.municipio",
   "pk": 918,
   "fields": {
      "departamento": 9,
      "nombre": "SAN FRANCISCO LA UNION"
   }
},
{
   "model": "main.municipio",
   "pk": 919,
   "fields": {
      "departamento": 9,
      "nombre": "EL PALMAR"
   }
},
{
   "model": "main.municipio",
   "pk": 920,
   "fields": {
      "departamento": 9,
      "nombre": "COATEPEQUE"
   }
},
{
   "model": "main.municipio",
   "pk": 921,
   "fields": {
      "departamento": 9,
      "nombre": "GENOVA COSTA CUCA"
   }
},
{
   "model": "main.municipio",
   "pk": 922,
   "fields": {
      "departamento": 9,
      "nombre": "FLORES COSTA CUCA"
   }
},
{
   "model": "main.municipio",
   "pk": 923,
   "fields": {
      "departamento": 9,
      "nombre": "LA ESPERANZA"
   }
},
{
   "model": "main.municipio",
   "pk": 924,
   "fields": {
      "departamento": 9,
      "nombre": "PALESTINA DE LOS ALTOS"
   }
},
{
   "model": "main.municipio",
   "pk": 1001,
   "fields": {
      "departamento": 10,
      "nombre": "MAZATENANGO"
   }
},
{
   "model": "main.municipio",
   "pk": 1002,
   "fields": {
      "departamento": 10,
      "nombre": "CUYOTENANGO"
   }
},
{
   "model": "main.municipio",
   "pk": 1003,
   "fields": {
      "departamento": 10,
      "nombre": "SAN FRANCISCO ZAPOTITLAN"
   }
},
{
   "model": "main.municipio",
   "pk": 1004,
   "fields": {
      "departamento": 10,
      "nombre": "SAN BERNARDINO"
   }
},
{
   "model": "main.municipio",
   "pk": 1005,
   "fields": {
      "departamento": 10,
      "nombre": "SAN JOSE EL IDOLO"
   }
},
{
   "model": "main.municipio",
   "pk": 1006,
   "fields": {
      "departamento": 10,
      "nombre": "SANTO DOMINGO SUCHITEPEQUEZ"
   }
},
{
   "model": "main.municipio",
   "pk": 1007,
   "fields": {
      "departamento": 10,
      "nombre": "SAN LORENZO"
   }
},
{
   "model": "main.municipio",
   "pk": 1008,
   "fields": {
      "departamento": 10,
      "nombre": "SAMAYAC"
   }
},
{
   "model": "main.municipio",
   "pk": 1009,
   "fields": {
      "departamento": 10,
      "nombre": "SAN PABLO JOCOPILAS"
   }
},
{
   "model": "main.municipio",
   "pk": 1010,
   "fields": {
      "departamento": 10,
      "nombre": "SAN ANTONIO SUCHITEPEQUEZ"
   }
},
{
   "model": "main.municipio",
   "pk": 1011,
   "fields": {
      "departamento": 10,
      "nombre": "SAN MIGUEL PANAM"
   }
},
{
   "model": "main.municipio",
   "pk": 1012,
   "fields": {
      "departamento": 10,
      "nombre": "SAN GABRIEL"
   }
},
{
   "model": "main.municipio",
   "pk": 1013,
   "fields": {
      "departamento": 10,
      "nombre": "CHICACAO"
   }
},
{
   "model": "main.municipio",
   "pk": 1014,
   "fields": {
      "departamento": 10,
      "nombre": "PATULUL"
   }
},
{
   "model": "main.municipio",
   "pk": 1015,
   "fields": {
      "departamento": 10,
      "nombre": "SANTA BARBARA"
   }
},
{
   "model": "main.municipio",
   "pk": 1016,
   "fields": {
      "departamento": 10,
      "nombre": "SAN JUAN BAUTISTA"
   }
},
{
   "model": "main.municipio",
   "pk": 1017,
   "fields": {
      "departamento": 10,
      "nombre": "SANTO TOMAS LA UNION"
   }
},
{
   "model": "main.municipio",
   "pk": 1018,
   "fields": {
      "departamento": 10,
      "nombre": "ZUNILITO"
   }
},
{
   "model": "main.municipio",
   "pk": 1019,
   "fields": {
      "departamento": 10,
      "nombre": "PUEBLO NUEVO"
   }
},
{
   "model": "main.municipio",
   "pk": 1020,
   "fields": {
      "departamento": 10,
      "nombre": "RIO BRAVO"
   }
},
{
   "model": "main.municipio",
   "pk": 1021,
   "fields": {
      "departamento": 10,
      "nombre": "SAN JOS\u00c9 LA M\u00c1QUINA"
   }
},
{
   "model": "main.municipio",
   "pk": 1101,
   "fields": {
      "departamento": 11,
      "nombre": "RETALHULEU"
   }
},
{
   "model": "main.municipio",
   "pk": 1102,
   "fields": {
      "departamento": 11,
      "nombre": "SAN SEBASTIAN"
   }
},
{
   "model": "main.municipio",
   "pk": 1103,
   "fields": {
      "departamento": 11,
      "nombre": "SANTA CRUZ MULUA"
   }
},
{
   "model": "main.municipio",
   "pk": 1104,
   "fields": {
      "departamento": 11,
      "nombre": "SAN MARTIN ZAPOTITLAN"
   }
},
{
   "model": "main.municipio",
   "pk": 1105,
   "fields": {
      "departamento": 11,
      "nombre": "SAN FELIPE"
   }
},
{
   "model": "main.municipio",
   "pk": 1106,
   "fields": {
      "departamento": 11,
      "nombre": "SAN ANDRES VILLA SECA"
   }
},
{
   "model": "main.municipio",
   "pk": 1107,
   "fields": {
      "departamento": 11,
      "nombre": "CHAMPERICO"
   }
},
{
   "model": "main.municipio",
   "pk": 1108,
   "fields": {
      "departamento": 11,
      "nombre": "NUEVO SAN CARLOS"
   }
},
{
   "model": "main.municipio",
   "pk": 1109,
   "fields": {
      "departamento": 11,
      "nombre": "EL ASINTAL"
   }
},
{
   "model": "main.municipio",
   "pk": 1201,
   "fields": {
      "departamento": 12,
      "nombre": "SAN MARCOS"
   }
},
{
   "model": "main.municipio",
   "pk": 1202,
   "fields": {
      "departamento": 12,
      "nombre": "SAN PEDRO SACATEPEQUEZ"
   }
},
{
   "model": "main.municipio",
   "pk": 1203,
   "fields": {
      "departamento": 12,
      "nombre": "SAN ANTONIO SACATEPEQUEZ"
   }
},
{
   "model": "main.municipio",
   "pk": 1204,
   "fields": {
      "departamento": 12,
      "nombre": "COMITANCILLO"
   }
},
{
   "model": "main.municipio",
   "pk": 1205,
   "fields": {
      "departamento": 12,
      "nombre": "SAN MIGUEL IXTAHUACAN"
   }
},
{
   "model": "main.municipio",
   "pk": 1206,
   "fields": {
      "departamento": 12,
      "nombre": "CONCEPCION TUTUAPA"
   }
},
{
   "model": "main.municipio",
   "pk": 1207,
   "fields": {
      "departamento": 12,
      "nombre": "TACANA"
   }
},
{
   "model": "main.municipio",
   "pk": 1208,
   "fields": {
      "departamento": 12,
      "nombre": "SIBINAL"
   }
},
{
   "model": "main.municipio",
   "pk": 1209,
   "fields": {
      "departamento": 12,
      "nombre": "TAJUMULCO"
   }
},
{
   "model": "main.municipio",
   "pk": 1210,
   "fields": {
      "departamento": 12,
      "nombre": "TEJUTLA"
   }
},
{
   "model": "main.municipio",
   "pk": 1211,
   "fields": {
      "departamento": 12,
      "nombre": "SAN RAFAEL PIE DE LA CUESTA"
   }
},
{
   "model": "main.municipio",
   "pk": 1212,
   "fields": {
      "departamento": 12,
      "nombre": "NUEVO PROGRESO"
   }
},
{
   "model": "main.municipio",
   "pk": 1213,
   "fields": {
      "departamento": 12,
      "nombre": "EL TUMBADOR"
   }
},
{
   "model": "main.municipio",
   "pk": 1214,
   "fields": {
      "departamento": 12,
      "nombre": "SAN JOSE EL RODEO"
   }
},
{
   "model": "main.municipio",
   "pk": 1215,
   "fields": {
      "departamento": 12,
      "nombre": "MALACATAN"
   }
},
{
   "model": "main.municipio",
   "pk": 1216,
   "fields": {
      "departamento": 12,
      "nombre": "CATARINA"
   }
},
{
   "model": "main.municipio",
   "pk": 1217,
   "fields": {
      "departamento": 12,
      "nombre": "AYUTLA"
   }
},
{
   "model": "main.municipio",
   "pk": 1218,
   "fields": {
      "departamento": 12,
      "nombre": "OCOS"
   }
},
{
   "model": "main.municipio",
   "pk": 1219,
   "fields": {
      "departamento": 12,
      "nombre": "SAN PABLO"
   }
},
{
   "model": "main.municipio",
   "pk": 1220,
   "fields": {
      "departamento": 12,
      "nombre": "EL QUETZAL"
   }
},
{
   "model": "main.municipio",
   "pk": 1221,
   "fields": {
      "departamento": 12,
      "nombre": "LA REFORMA"
   }
},
{
   "model": "main.municipio",
   "pk": 1222,
   "fields": {
      "departamento": 12,
      "nombre": "PAJAPITA"
   }
},
{
   "model": "main.municipio",
   "pk": 1223,
   "fields": {
      "departamento": 12,
      "nombre": "IXCHIGUAN"
   }
},
{
   "model": "main.municipio",
   "pk": 1224,
   "fields": {
      "departamento": 12,
      "nombre": "SAN JOSE OJETENAM"
   }
},
{
   "model": "main.municipio",
   "pk": 1225,
   "fields": {
      "departamento": 12,
      "nombre": "SAN CRISTOBAL CUCHO"
   }
},
{
   "model": "main.municipio",
   "pk": 1226,
   "fields": {
      "departamento": 12,
      "nombre": "SIPACAPA"
   }
},
{
   "model": "main.municipio",
   "pk": 1227,
   "fields": {
      "departamento": 12,
      "nombre": "ESQUIPULAS PALO GORDO"
   }
},
{
   "model": "main.municipio",
   "pk": 1228,
   "fields": {
      "departamento": 12,
      "nombre": "RIO BLANCO"
   }
},
{
   "model": "main.municipio",
   "pk": 1229,
   "fields": {
      "departamento": 12,
      "nombre": "SAN LORENZO"
   }
},
{
   "model": "main.municipio",
   "pk": 1301,
   "fields": {
      "departamento": 13,
      "nombre": "HUEHUETENANGO"
   }
},
{
   "model": "main.municipio",
   "pk": 1302,
   "fields": {
      "departamento": 13,
      "nombre": "CHIANTLA"
   }
},
{
   "model": "main.municipio",
   "pk": 1303,
   "fields": {
      "departamento": 13,
      "nombre": "MALACATANCITO"
   }
},
{
   "model": "main.municipio",
   "pk": 1304,
   "fields": {
      "departamento": 13,
      "nombre": "CUILCO"
   }
},
{
   "model": "main.municipio",
   "pk": 1305,
   "fields": {
      "departamento": 13,
      "nombre": "NENTON"
   }
},
{
   "model": "main.municipio",
   "pk": 1306,
   "fields": {
      "departamento": 13,
      "nombre": "SAN PEDRO NECTA"
   }
},
{
   "model": "main.municipio",
   "pk": 1307,
   "fields": {
      "departamento": 13,
      "nombre": "JACALTENANGO"
   }
},
{
   "model": "main.municipio",
   "pk": 1308,
   "fields": {
      "departamento": 13,
      "nombre": "SAN PEDRO SOLOMA"
   }
},
{
   "model": "main.municipio",
   "pk": 1309,
   "fields": {
      "departamento": 13,
      "nombre": "SAN ILDELFONSO IXTAHUACAN"
   }
},
{
   "model": "main.municipio",
   "pk": 1310,
   "fields": {
      "departamento": 13,
      "nombre": "SANTA BARBARA"
   }
},
{
   "model": "main.municipio",
   "pk": 1311,
   "fields": {
      "departamento": 13,
      "nombre": "LA LIBERTAD"
   }
},
{
   "model": "main.municipio",
   "pk": 1312,
   "fields": {
      "departamento": 13,
      "nombre": "LA DEMOCRACIA"
   }
},
{
   "model": "main.municipio",
   "pk": 1313,
   "fields": {
      "departamento": 13,
      "nombre": "SAN MIGUEL ACATAN"
   }
},
{
   "model": "main.municipio",
   "pk": 1314,
   "fields": {
      "departamento": 13,
      "nombre": "SAN RAFAEL LA INDEPENDENCIA"
   }
},
{
   "model": "main.municipio",
   "pk": 1315,
   "fields": {
      "departamento": 13,
      "nombre": "TODOS SANTOS CUCHUMATAN"
   }
},
{
   "model": "main.municipio",
   "pk": 1316,
   "fields": {
      "departamento": 13,
      "nombre": "SAN JUAN ATITAN"
   }
},
{
   "model": "main.municipio",
   "pk": 1317,
   "fields": {
      "departamento": 13,
      "nombre": "SANTA EULALIA"
   }
},
{
   "model": "main.municipio",
   "pk": 1318,
   "fields": {
      "departamento": 13,
      "nombre": "SAN MATEO IXTATAN"
   }
},
{
   "model": "main.municipio",
   "pk": 1319,
   "fields": {
      "departamento": 13,
      "nombre": "COLOTENANGO"
   }
},
{
   "model": "main.municipio",
   "pk": 1320,
   "fields": {
      "departamento": 13,
      "nombre": "SAN SEBASTIAN HUEHUETENANGO"
   }
},
{
   "model": "main.municipio",
   "pk": 1321,
   "fields": {
      "departamento": 13,
      "nombre": "TECTITAN"
   }
},
{
   "model": "main.municipio",
   "pk": 1322,
   "fields": {
      "departamento": 13,
      "nombre": "CONCEPCION HUISTA"
   }
},
{
   "model": "main.municipio",
   "pk": 1323,
   "fields": {
      "departamento": 13,
      "nombre": "SAN JUAN IXCOY"
   }
},
{
   "model": "main.municipio",
   "pk": 1324,
   "fields": {
      "departamento": 13,
      "nombre": "SAN ANTONIO HUISTA"
   }
},
{
   "model": "main.municipio",
   "pk": 1325,
   "fields": {
      "departamento": 13,
      "nombre": "SAN SEBASTIAN COATAN"
   }
},
{
   "model": "main.municipio",
   "pk": 1326,
   "fields": {
      "departamento": 13,
      "nombre": "SANTA CRUZ BARILLAS"
   }
},
{
   "model": "main.municipio",
   "pk": 1327,
   "fields": {
      "departamento": 13,
      "nombre": "AGUACATAN"
   }
},
{
   "model": "main.municipio",
   "pk": 1328,
   "fields": {
      "departamento": 13,
      "nombre": "SAN RAFAEL PETZAL"
   }
},
{
   "model": "main.municipio",
   "pk": 1329,
   "fields": {
      "departamento": 13,
      "nombre": "SAN GASPAR IXCHIL"
   }
},
{
   "model": "main.municipio",
   "pk": 1330,
   "fields": {
      "departamento": 13,
      "nombre": "SANTIAGO CHIMALTENANGO"
   }
},
{
   "model": "main.municipio",
   "pk": 1331,
   "fields": {
      "departamento": 13,
      "nombre": "SANTA ANA HUISTA"
   }
},
{
   "model": "main.municipio",
   "pk": 1332,
   "fields": {
      "departamento": 13,
      "nombre": "UNION CANTINIL"
   }
},
{
   "model": "main.municipio",
   "pk": 1401,
   "fields": {
      "departamento": 14,
      "nombre": "SANTA CRUZ DEL QUICHE"
   }
},
{
   "model": "main.municipio",
   "pk": 1402,
   "fields": {
      "departamento": 14,
      "nombre": "CHICHE"
   }
},
{
   "model": "main.municipio",
   "pk": 1403,
   "fields": {
      "departamento": 14,
      "nombre": "CHINIQUE"
   }
},
{
   "model": "main.municipio",
   "pk": 1404,
   "fields": {
      "departamento": 14,
      "nombre": "ZACUALPA"
   }
},
{
   "model": "main.municipio",
   "pk": 1405,
   "fields": {
      "departamento": 14,
      "nombre": "CHAJUL"
   }
},
{
   "model": "main.municipio",
   "pk": 1406,
   "fields": {
      "departamento": 14,
      "nombre": "SANTO TOMAS CHICHICASTENANGO"
   }
},
{
   "model": "main.municipio",
   "pk": 1407,
   "fields": {
      "departamento": 14,
      "nombre": "PATZITE"
   }
},
{
   "model": "main.municipio",
   "pk": 1408,
   "fields": {
      "departamento": 14,
      "nombre": "SAN ANTONIO ILOTENANGO"
   }
},
{
   "model": "main.municipio",
   "pk": 1409,
   "fields": {
      "departamento": 14,
      "nombre": "SAN PEDRO JOCOPILAS"
   }
},
{
   "model": "main.municipio",
   "pk": 1410,
   "fields": {
      "departamento": 14,
      "nombre": "CUNEN"
   }
},
{
   "model": "main.municipio",
   "pk": 1411,
   "fields": {
      "departamento": 14,
      "nombre": "SAN JUAN COTZAL"
   }
},
{
   "model": "main.municipio",
   "pk": 1412,
   "fields": {
      "departamento": 14,
      "nombre": "JOYABAJ"
   }
},
{
   "model": "main.municipio",
   "pk": 1413,
   "fields": {
      "departamento": 14,
      "nombre": "SANTA MARIA NEBAJ"
   }
},
{
   "model": "main.municipio",
   "pk": 1414,
   "fields": {
      "departamento": 14,
      "nombre": "SAN ANDRES SAJCABAJA"
   }
},
{
   "model": "main.municipio",
   "pk": 1415,
   "fields": {
      "departamento": 14,
      "nombre": "SAN MIGUEL USPANTAN"
   }
},
{
   "model": "main.municipio",
   "pk": 1416,
   "fields": {
      "departamento": 14,
      "nombre": "SACAPULAS"
   }
},
{
   "model": "main.municipio",
   "pk": 1417,
   "fields": {
      "departamento": 14,
      "nombre": "SAN BARTOLOME JOCOTENANGO"
   }
},
{
   "model": "main.municipio",
   "pk": 1418,
   "fields": {
      "departamento": 14,
      "nombre": "CANILLA"
   }
},
{
   "model": "main.municipio",
   "pk": 1419,
   "fields": {
      "departamento": 14,
      "nombre": "CHICAMAN"
   }
},
{
   "model": "main.municipio",
   "pk": 1420,
   "fields": {
      "departamento": 14,
      "nombre": "PLAYA GRANDE IXCAN"
   }
},
{
   "model": "main.municipio",
   "pk": 1421,
   "fields": {
      "departamento": 14,
      "nombre": "PACHALUN"
   }
},
{
   "model": "main.municipio",
   "pk": 1501,
   "fields": {
      "departamento": 15,
      "nombre": "SALAMA"
   }
},
{
   "model": "main.municipio",
   "pk": 1502,
   "fields": {
      "departamento": 15,
      "nombre": "SAN MIGUEL CHICAJ"
   }
},
{
   "model": "main.municipio",
   "pk": 1503,
   "fields": {
      "departamento": 15,
      "nombre": "RABINAL"
   }
},
{
   "model": "main.municipio",
   "pk": 1504,
   "fields": {
      "departamento": 15,
      "nombre": "CUBULCO"
   }
},
{
   "model": "main.municipio",
   "pk": 1505,
   "fields": {
      "departamento": 15,
      "nombre": "GRANADOS"
   }
},
{
   "model": "main.municipio",
   "pk": 1506,
   "fields": {
      "departamento": 15,
      "nombre": "SANTA CRUZ EL CHOL"
   }
},
{
   "model": "main.municipio",
   "pk": 1507,
   "fields": {
      "departamento": 15,
      "nombre": "SAN JERONIMO"
   }
},
{
   "model": "main.municipio",
   "pk": 1508,
   "fields": {
      "departamento": 15,
      "nombre": "PURULHA"
   }
},
{
   "model": "main.municipio",
   "pk": 1601,
   "fields": {
      "departamento": 16,
      "nombre": "COBAN"
   }
},
{
   "model": "main.municipio",
   "pk": 1602,
   "fields": {
      "departamento": 16,
      "nombre": "SANTA CRUZ VERAPAZ"
   }
},
{
   "model": "main.municipio",
   "pk": 1603,
   "fields": {
      "departamento": 16,
      "nombre": "SAN CRISTOBAL VERAPAZ"
   }
},
{
   "model": "main.municipio",
   "pk": 1604,
   "fields": {
      "departamento": 16,
      "nombre": "TACTIC"
   }
},
{
   "model": "main.municipio",
   "pk": 1605,
   "fields": {
      "departamento": 16,
      "nombre": "TAMAHU"
   }
},
{
   "model": "main.municipio",
   "pk": 1606,
   "fields": {
      "departamento": 16,
      "nombre": "SAN MIGUEL TUCURU"
   }
},
{
   "model": "main.municipio",
   "pk": 1607,
   "fields": {
      "departamento": 16,
      "nombre": "PANZOS"
   }
},
{
   "model": "main.municipio",
   "pk": 1608,
   "fields": {
      "departamento": 16,
      "nombre": "SENAHU"
   }
},
{
   "model": "main.municipio",
   "pk": 1609,
   "fields": {
      "departamento": 16,
      "nombre": "SAN PEDRO CARCHA"
   }
},
{
   "model": "main.municipio",
   "pk": 1610,
   "fields": {
      "departamento": 16,
      "nombre": "SAN JUAN CHAMELCO"
   }
},
{
   "model": "main.municipio",
   "pk": 1611,
   "fields": {
      "departamento": 16,
      "nombre": "LANQUIN"
   }
},
{
   "model": "main.municipio",
   "pk": 1612,
   "fields": {
      "departamento": 16,
      "nombre": "SANTA MARIA CAHABON"
   }
},
{
   "model": "main.municipio",
   "pk": 1613,
   "fields": {
      "departamento": 16,
      "nombre": "CHISEC"
   }
},
{
   "model": "main.municipio",
   "pk": 1614,
   "fields": {
      "departamento": 16,
      "nombre": "CHAHAL"
   }
},
{
   "model": "main.municipio",
   "pk": 1615,
   "fields": {
      "departamento": 16,
      "nombre": "FRAY BARTOLOME DE LAS CASAS"
   }
},
{
   "model": "main.municipio",
   "pk": 1616,
   "fields": {
      "departamento": 16,
      "nombre": "SANTA CATALINA LA TINTA"
   }
},
{
   "model": "main.municipio",
   "pk": 1617,
   "fields": {
      "departamento": 16,
      "nombre": "RAXUHA"
   }
},
{
   "model": "main.municipio",
   "pk": 1701,
   "fields": {
      "departamento": 17,
      "nombre": "FLORES"
   }
},
{
   "model": "main.municipio",
   "pk": 1702,
   "fields": {
      "departamento": 17,
      "nombre": "SAN JOSE"
   }
},
{
   "model": "main.municipio",
   "pk": 1703,
   "fields": {
      "departamento": 17,
      "nombre": "SAN BENITO"
   }
},
{
   "model": "main.municipio",
   "pk": 1704,
   "fields": {
      "departamento": 17,
      "nombre": "SAN ANDRES"
   }
},
{
   "model": "main.municipio",
   "pk": 1705,
   "fields": {
      "departamento": 17,
      "nombre": "LA LIBERTAD"
   }
},
{
   "model": "main.municipio",
   "pk": 1706,
   "fields": {
      "departamento": 17,
      "nombre": "SAN FRANCISCO"
   }
},
{
   "model": "main.municipio",
   "pk": 1707,
   "fields": {
      "departamento": 17,
      "nombre": "SANTA ANA"
   }
},
{
   "model": "main.municipio",
   "pk": 1708,
   "fields": {
      "departamento": 17,
      "nombre": "DOLORES"
   }
},
{
   "model": "main.municipio",
   "pk": 1709,
   "fields": {
      "departamento": 17,
      "nombre": "SAN LUIS"
   }
},
{
   "model": "main.municipio",
   "pk": 1710,
   "fields": {
      "departamento": 17,
      "nombre": "SAYAXCHE"
   }
},
{
   "model": "main.municipio",
   "pk": 1711,
   "fields": {
      "departamento": 17,
      "nombre": "MELCHOR DE MENCOS"
   }
},
{
   "model": "main.municipio",
   "pk": 1712,
   "fields": {
      "departamento": 17,
      "nombre": "POPTUN"
   }
},
{
   "model": "main.municipio",
   "pk": 1801,
   "fields": {
      "departamento": 18,
      "nombre": "PUERTO BARRIOS"
   }
},
{
   "model": "main.municipio",
   "pk": 1802,
   "fields": {
      "departamento": 18,
      "nombre": "LIVINGSTON"
   }
},
{
   "model": "main.municipio",
   "pk": 1803,
   "fields": {
      "departamento": 18,
      "nombre": "EL ESTOR"
   }
},
{
   "model": "main.municipio",
   "pk": 1804,
   "fields": {
      "departamento": 18,
      "nombre": "MORALES"
   }
},
{
   "model": "main.municipio",
   "pk": 1805,
   "fields": {
      "departamento": 18,
      "nombre": "LOS AMATES"
   }
},
{
   "model": "main.municipio",
   "pk": 1901,
   "fields": {
      "departamento": 19,
      "nombre": "ZACAPA"
   }
},
{
   "model": "main.municipio",
   "pk": 1902,
   "fields": {
      "departamento": 19,
      "nombre": "ESTANZUELA"
   }
},
{
   "model": "main.municipio",
   "pk": 1903,
   "fields": {
      "departamento": 19,
      "nombre": "RIO HONDO"
   }
},
{
   "model": "main.municipio",
   "pk": 1904,
   "fields": {
      "departamento": 19,
      "nombre": "GUALAN"
   }
},
{
   "model": "main.municipio",
   "pk": 1905,
   "fields": {
      "departamento": 19,
      "nombre": "TECULUTAN"
   }
},
{
   "model": "main.municipio",
   "pk": 1906,
   "fields": {
      "departamento": 19,
      "nombre": "USUMATLAN"
   }
},
{
   "model": "main.municipio",
   "pk": 1907,
   "fields": {
      "departamento": 19,
      "nombre": "CABA\u00d1AS"
   }
},
{
   "model": "main.municipio",
   "pk": 1908,
   "fields": {
      "departamento": 19,
      "nombre": "SAN DIEGO"
   }
},
{
   "model": "main.municipio",
   "pk": 1909,
   "fields": {
      "departamento": 19,
      "nombre": "LA UNION"
   }
},
{
   "model": "main.municipio",
   "pk": 1910,
   "fields": {
      "departamento": 19,
      "nombre": "HUITE"
   }
},
{
   "model": "main.municipio",
   "pk": 1911,
   "fields": {
      "departamento": 19,
      "nombre": "SAN JORGE"
   }
},
{
   "model": "main.municipio",
   "pk": 2001,
   "fields": {
      "departamento": 20,
      "nombre": "CHIQUIMULA"
   }
},
{
   "model": "main.municipio",
   "pk": 2002,
   "fields": {
      "departamento": 20,
      "nombre": "SAN JOSE LA ARADA"
   }
},
{
   "model": "main.municipio",
   "pk": 2003,
   "fields": {
      "departamento": 20,
      "nombre": "SAN JUAN ERMITA"
   }
},
{
   "model": "main.municipio",
   "pk": 2004,
   "fields": {
      "departamento": 20,
      "nombre": "JOCOTAN"
   }
},
{
   "model": "main.municipio",
   "pk": 2005,
   "fields": {
      "departamento": 20,
      "nombre": "CAMOTAN"
   }
},
{
   "model": "main.municipio",
   "pk": 2006,
   "fields": {
      "departamento": 20,
      "nombre": "OLOPA"
   }
},
{
   "model": "main.municipio",
   "pk": 2007,
   "fields": {
      "departamento": 20,
      "nombre": "ESQUIPULAS"
   }
},
{
   "model": "main.municipio",
   "pk": 2008,
   "fields": {
      "departamento": 20,
      "nombre": "CONCEPCION LAS MINAS"
   }
},
{
   "model": "main.municipio",
   "pk": 2009,
   "fields": {
      "departamento": 20,
      "nombre": "QUEZALTEPEQUE"
   }
},
{
   "model": "main.municipio",
   "pk": 2010,
   "fields": {
      "departamento": 20,
      "nombre": "SAN JACINTO"
   }
},
{
   "model": "main.municipio",
   "pk": 2011,
   "fields": {
      "departamento": 20,
      "nombre": "IPALA"
   }
},
{
   "model": "main.municipio",
   "pk": 2101,
   "fields": {
      "departamento": 21,
      "nombre": "JALAPA"
   }
},
{
   "model": "main.municipio",
   "pk": 2102,
   "fields": {
      "departamento": 21,
      "nombre": "SAN PEDRO PINULA"
   }
},
{
   "model": "main.municipio",
   "pk": 2103,
   "fields": {
      "departamento": 21,
      "nombre": "SAN LUIS JILOTEPEQUE"
   }
},
{
   "model": "main.municipio",
   "pk": 2104,
   "fields": {
      "departamento": 21,
      "nombre": "SAN MANUEL CHAPARRON"
   }
},
{
   "model": "main.municipio",
   "pk": 2105,
   "fields": {
      "departamento": 21,
      "nombre": "SAN CARLOS ALZATATE"
   }
},
{
   "model": "main.municipio",
   "pk": 2106,
   "fields": {
      "departamento": 21,
      "nombre": "MONJAS"
   }
},
{
   "model": "main.municipio",
   "pk": 2107,
   "fields": {
      "departamento": 21,
      "nombre": "MATAQUESCUINTLA"
   }
},
{
   "model": "main.municipio",
   "pk": 2201,
   "fields": {
      "departamento": 22,
      "nombre": "JUTIAPA"
   }
},
{
   "model": "main.municipio",
   "pk": 2202,
   "fields": {
      "departamento": 22,
      "nombre": "EL PROGRESO"
   }
},
{
   "model": "main.municipio",
   "pk": 2203,
   "fields": {
      "departamento": 22,
      "nombre": "SANTA CATARINA MITA"
   }
},
{
   "model": "main.municipio",
   "pk": 2204,
   "fields": {
      "departamento": 22,
      "nombre": "AGUA BLANCA"
   }
},
{
   "model": "main.municipio",
   "pk": 2205,
   "fields": {
      "departamento": 22,
      "nombre": "ASUNCION MITA"
   }
},
{
   "model": "main.municipio",
   "pk": 2206,
   "fields": {
      "departamento": 22,
      "nombre": "YUPILTEPEQUE"
   }
},
{
   "model": "main.municipio",
   "pk": 2207,
   "fields": {
      "departamento": 22,
      "nombre": "ATESCATEMPA"
   }
},
{
   "model": "main.municipio",
   "pk": 2208,
   "fields": {
      "departamento": 22,
      "nombre": "JEREZ"
   }
},
{
   "model": "main.municipio",
   "pk": 2209,
   "fields": {
      "departamento": 22,
      "nombre": "EL ADELANTO"
   }
},
{
   "model": "main.municipio",
   "pk": 2210,
   "fields": {
      "departamento": 22,
      "nombre": "ZAPOTITLAN"
   }
},
{
   "model": "main.municipio",
   "pk": 2211,
   "fields": {
      "departamento": 22,
      "nombre": "COMAPA"
   }
},
{
   "model": "main.municipio",
   "pk": 2212,
   "fields": {
      "departamento": 22,
      "nombre": "JALPATAGUA"
   }
},
{
   "model": "main.municipio",
   "pk": 2213,
   "fields": {
      "departamento": 22,
      "nombre": "CONGUACO"
   }
},
{
   "model": "main.municipio",
   "pk": 2214,
   "fields": {
      "departamento": 22,
      "nombre": "MOYUTA"
   }
},
{
   "model": "main.municipio",
   "pk": 2215,
   "fields": {
      "departamento": 22,
      "nombre": "PASACO"
   }
},
{
   "model": "main.municipio",
   "pk": 2216,
   "fields": {
      "departamento": 22,
      "nombre": "SAN JOSE ACATEMPA"
   }
},
{
   "model": "main.municipio",
   "pk": 2217,
   "fields": {
      "departamento": 22,
      "nombre": "QUESADA"
   }
},
{
   "model": "main.coordenada",
   "pk": 1,
   "fields": {
      "lat": "15",
      "lng": "-90",
      "descripcion": ""
   }
},
{
   "model": "main.coordenada",
   "pk": 2,
   "fields": {
      "lat": "14",
      "lng": "-91",
      "descripcion": ""
   }
},
{
   "model": "main.coordenada",
   "pk": 3,
   "fields": {
      "lat": "14.5",
      "lng": "-91.5",
      "descripcion": null
   }
},
{
   "model": "main.coordenada",
   "pk": 4,
   "fields": {
      "lat": "14.8",
      "lng": "-91.8",
      "descripcion": null
   }
},
{
   "model": "main.coordenada",
   "pk": 5,
   "fields": {
      "lat": "14.912241",
      "lng": "-91.71511",
      "descripcion": null
   }
},
{
   "model": "main.coordenada",
   "pk": 6,
   "fields": {
      "lat": "15",
      "lng": "-90",
      "descripcion": "De la sede Sede prueba"
   }
},
{
   "model": "main.coordenada",
   "pk": 7,
   "fields": {
      "lat": "",
      "lng": "",
      "descripcion": "De la sede Sede de Mary"
   }
},
{
   "model": "main.coordenada",
   "pk": 8,
   "fields": {
      "lat": "",
      "lng": "",
      "descripcion": "De la sede Otra escuela"
   }
},
{
   "model": "main.coordenada",
   "pk": 9,
   "fields": {
      "lat": "",
      "lng": "",
      "descripcion": "De la sede palencia"
   }
},
{
   "model": "main.coordenada",
   "pk": 10,
   "fields": {
      "lat": "",
      "lng": "",
      "descripcion": "De la sede Tercer sede"
   }
},
{
   "model": "main.coordenada",
   "pk": 11,
   "fields": {
      "lat": "14.6263757",
      "lng": "-90.5626006",
      "descripcion": null
   }
},
{
   "model": "main.coordenada",
   "pk": 12,
   "fields": {
      "lat": "15",
      "lng": "-91",
      "descripcion": ""
   }
},
{
   "model": "main.coordenada",
   "pk": 13,
   "fields": {
      "lat": "14.576853476143466",
      "lng": "-90.77958542945285",
      "descripcion": null
   }
},
{
   "model": "main.coordenada",
   "pk": 14,
   "fields": {
      "lat": "14.389064406606359",
      "lng": "-90.02169915079462",
      "descripcion": null
   }
},
{
   "model": "main.coordenada",
   "pk": 15,
   "fields": {
      "lat": "14.649292951485481",
      "lng": "-90.97925280614807",
      "descripcion": null
   }
},
{
   "model": "main.coordenada",
   "pk": 16,
   "fields": {
      "lat": "14.304766943036187",
      "lng": "-90.26114627903327",
      "descripcion": null
   }
},
{
   "model": "main.coordenada",
   "pk": 17,
   "fields": {
      "lat": "14.191393887867555",
      "lng": "-90.72210001527874",
      "descripcion": null
   }
},
{
   "model": "main.coordenada",
   "pk": 18,
   "fields": {
      "lat": "14.980517348317642",
      "lng": "-90.60158937155218",
      "descripcion": null
   }
},
{
   "model": "main.coordenada",
   "pk": 19,
   "fields": {
      "lat": "14.692087721127194",
      "lng": "-90.08426449662971",
      "descripcion": null
   }
},
{
   "model": "main.coordenada",
   "pk": 20,
   "fields": {
      "lat": "15.04459056626521",
      "lng": "-90.50301271245678",
      "descripcion": null
   }
},
{
   "model": "main.coordenada",
   "pk": 21,
   "fields": {
      "lat": "15.25894758774671",
      "lng": "-89.91836573095313",
      "descripcion": null
   }
},
{
   "model": "main.coordenada",
   "pk": 22,
   "fields": {
      "lat": "15.39838057555001",
      "lng": "-90.88774841673319",
      "descripcion": null
   }
},
{
   "model": "main.coordenada",
   "pk": 23,
   "fields": {
      "lat": "15.13185031066096",
      "lng": "-90.81771458224813",
      "descripcion": null
   }
},
{
   "model": "main.coordenada",
   "pk": 24,
   "fields": {
      "lat": "15.423928147294824",
      "lng": "-89.98738601422262",
      "descripcion": null
   }
},
{
   "model": "main.coordenada",
   "pk": 25,
   "fields": {
      "lat": "15.289874540358003",
      "lng": "-90.64947831643886",
      "descripcion": null
   }
},
{
   "model": "main.coordenada",
   "pk": 26,
   "fields": {
      "lat": "15.31308870099036",
      "lng": "-90.9357923542376",
      "descripcion": null
   }
},
{
   "model": "main.coordenada",
   "pk": 27,
   "fields": {
      "lat": "14.871749908754712",
      "lng": "-90.24588130022798",
      "descripcion": null
   }
},
{
   "model": "main.coordenada",
   "pk": 28,
   "fields": {
      "lat": "14.859667271822332",
      "lng": "-90.12694728051467",
      "descripcion": null
   }
},
{
   "model": "main.coordenada",
   "pk": 29,
   "fields": {
      "lat": "14.929137412153082",
      "lng": "-89.91454685718153",
      "descripcion": null
   }
},
{
   "model": "main.coordenada",
   "pk": 30,
   "fields": {
      "lat": "14.600651948177642",
      "lng": "-90.57760299703844",
      "descripcion": null
   }
},
{
   "model": "main.coordenada",
   "pk": 31,
   "fields": {
      "lat": "14.735953481071007",
      "lng": "-90.81217786336987",
      "descripcion": null
   }
},
{
   "model": "main.coordenada",
   "pk": 32,
   "fields": {
      "lat": "14.805349449550597",
      "lng": "-90.65444347135148",
      "descripcion": null
   }
},
{
   "model": "main.coordenada",
   "pk": 33,
   "fields": {
      "lat": "15.39052011954948",
      "lng": "-90.38453066661197",
      "descripcion": null
   }
},
{
   "model": "main.coordenada",
   "pk": 34,
   "fields": {
      "lat": "14.732229097448323",
      "lng": "-90.9088124198691",
      "descripcion": null
   }
},
{
   "model": "main.coordenada",
   "pk": 35,
   "fields": {
      "lat": "14.830706561641115",
      "lng": "-90.25189051271957",
      "descripcion": null
   }
},
{
   "model": "main.coordenada",
   "pk": 36,
   "fields": {
      "lat": "14.923360859685216",
      "lng": "-90.03176076375125",
      "descripcion": null
   }
},
{
   "model": "main.coordenada",
   "pk": 37,
   "fields": {
      "lat": "14.971046517278369",
      "lng": "-90.11947560943126",
      "descripcion": null
   }
},
{
   "model": "main.coordenada",
   "pk": 38,
   "fields": {
      "lat": "15.417598489880895",
      "lng": "-90.67302909419426",
      "descripcion": null
   }
},
{
   "model": "main.coordenada",
   "pk": 39,
   "fields": {
      "lat": "15.124830198068624",
      "lng": "-90.95192060033473",
      "descripcion": null
   }
},
{
   "model": "main.coordenada",
   "pk": 40,
   "fields": {
      "lat": "14.628309501648486",
      "lng": "-90.56624030930573",
      "descripcion": null
   }
},
{
   "model": "main.coordenada",
   "pk": 41,
   "fields": {
      "lat": "15.26786777438879",
      "lng": "-90.9477282537239",
      "descripcion": null
   }
},
{
   "model": "main.coordenada",
   "pk": 42,
   "fields": {
      "lat": "14.782512430430183",
      "lng": "-90.60777351626736",
      "descripcion": null
   }
},
{
   "model": "main.coordenada",
   "pk": 43,
   "fields": {
      "lat": "15.480163126973096",
      "lng": "-90.02225014380235",
      "descripcion": null
   }
},
{
   "model": "main.coordenada",
   "pk": 44,
   "fields": {
      "lat": "14.97498875300779",
      "lng": "-89.82575417983935",
      "descripcion": null
   }
},
{
   "model": "main.coordenada",
   "pk": 45,
   "fields": {
      "lat": "15.037062863711794",
      "lng": "-89.93721832379991",
      "descripcion": null
   }
},
{
   "model": "main.coordenada",
   "pk": 46,
   "fields": {
      "lat": "14.812399543169432",
      "lng": "-90.29422765763772",
      "descripcion": null
   }
},
{
   "model": "main.coordenada",
   "pk": 47,
   "fields": {
      "lat": "15.42703298996058",
      "lng": "-90.32357446751972",
      "descripcion": null
   }
},
{
   "model": "main.coordenada",
   "pk": 48,
   "fields": {
      "lat": "14.60304941237542",
      "lng": "-90.3631744994589",
      "descripcion": null
   }
},
{
   "model": "main.coordenada",
   "pk": 49,
   "fields": {
      "lat": "15.133452152564283",
      "lng": "-90.57379719717564",
      "descripcion": null
   }
},
{
   "model": "main.coordenada",
   "pk": 50,
   "fields": {
      "lat": "15.329008536154657",
      "lng": "-89.99520506569576",
      "descripcion": null
   }
},
{
   "model": "main.coordenada",
   "pk": 51,
   "fields": {
      "lat": "15.051371120220292",
      "lng": "-90.92729876890684",
      "descripcion": null
   }
},
{
   "model": "main.coordenada",
   "pk": 52,
   "fields": {
      "lat": "15.370934595612907",
      "lng": "-90.975313054367",
      "descripcion": null
   }
},
{
   "model": "main.coordenada",
   "pk": 53,
   "fields": {
      "lat": "14.683834266019847",
      "lng": "-90.05058321200954",
      "descripcion": null
   }
},
{
   "model": "main.coordenada",
   "pk": 54,
   "fields": {
      "lat": "15.407668769991806",
      "lng": "-89.81291672555615",
      "descripcion": null
   }
},
{
   "model": "main.coordenada",
   "pk": 55,
   "fields": {
      "lat": "14.603374513749491",
      "lng": "-90.85312399411747",
      "descripcion": null
   }
},
{
   "model": "main.coordenada",
   "pk": 56,
   "fields": {
      "lat": "14.64537260974862",
      "lng": "-90.86102025722447",
      "descripcion": null
   }
},
{
   "model": "main.coordenada",
   "pk": 57,
   "fields": {
      "lat": "15.324020415287317",
      "lng": "-89.84944026508214",
      "descripcion": null
   }
},
{
   "model": "main.coordenada",
   "pk": 58,
   "fields": {
      "lat": "14.700758144674074",
      "lng": "-90.09150625634497",
      "descripcion": null
   }
},
{
   "model": "main.coordenada",
   "pk": 59,
   "fields": {
      "lat": "14.988155338168339",
      "lng": "-90.3030224977888",
      "descripcion": null
   }
},
{
   "model": "main.coordenada",
   "pk": 60,
   "fields": {
      "lat": "15.119695994202972",
      "lng": "-90.19687964575897",
      "descripcion": null
   }
},
{
   "model": "main.coordenada",
   "pk": 61,
   "fields": {
      "lat": "14.87258936920883",
      "lng": "-89.87617066181255",
      "descripcion": null
   }
},
{
   "model": "main.coordenada",
   "pk": 62,
   "fields": {
      "lat": "15.10057999248776",
      "lng": "-90.84550949272432",
      "descripcion": null
   }
},
{
   "model": "main.coordenada",
   "pk": 63,
   "fields": {
      "lat": "15.211167947529594",
      "lng": "-90.49947575184294",
      "descripcion": null
   }
},
{
   "model": "main.coordenada",
   "pk": 64,
   "fields": {
      "lat": "15.36544857765237",
      "lng": "-90.89677727764604",
      "descripcion": null
   }
},
{
   "model": "main.coordenada",
   "pk": 65,
   "fields": {
      "lat": "15.24763542000221",
      "lng": "-90.96301719124608",
      "descripcion": null
   }
},
{
   "model": "main.coordenada",
   "pk": 66,
   "fields": {
      "lat": "15.130935284121605",
      "lng": "-89.90940252912567",
      "descripcion": null
   }
},
{
   "model": "main.coordenada",
   "pk": 67,
   "fields": {
      "lat": "15.258507877047041",
      "lng": "-90.82587378568454",
      "descripcion": null
   }
},
{
   "model": "main.coordenada",
   "pk": 68,
   "fields": {
      "lat": "15.359145961941989",
      "lng": "-90.9304499904287",
      "descripcion": null
   }
},
{
   "model": "main.coordenada",
   "pk": 69,
   "fields": {
      "lat": "14.717397083349574",
      "lng": "-90.93094840801106",
      "descripcion": null
   }
},
{
   "model": "main.coordenada",
   "pk": 70,
   "fields": {
      "lat": "14.650882003804726",
      "lng": "-89.98120471918747",
      "descripcion": null
   }
},
{
   "model": "main.coordenada",
   "pk": 71,
   "fields": {
      "lat": "15.086029799946385",
      "lng": "-90.89883249956995",
      "descripcion": null
   }
},
{
   "model": "main.coordenada",
   "pk": 72,
   "fields": {
      "lat": "15.036392064738827",
      "lng": "-90.24468448258571",
      "descripcion": null
   }
},
{
   "model": "main.coordenada",
   "pk": 73,
   "fields": {
      "lat": "15.424060997698852",
      "lng": "-90.44221787826064",
      "descripcion": null
   }
},
{
   "model": "main.coordenada",
   "pk": 74,
   "fields": {
      "lat": "15.405262902191332",
      "lng": "-90.79438608731765",
      "descripcion": null
   }
},
{
   "model": "main.coordenada",
   "pk": 75,
   "fields": {
      "lat": "15.410389343879254",
      "lng": "-89.99557195816735",
      "descripcion": null
   }
},
{
   "model": "main.coordenada",
   "pk": 76,
   "fields": {
      "lat": "15.119834908921492",
      "lng": "-90.46329484777527",
      "descripcion": null
   }
},
{
   "model": "main.coordenada",
   "pk": 77,
   "fields": {
      "lat": "15.23494612310441",
      "lng": "-90.94782601873926",
      "descripcion": null
   }
},
{
   "model": "main.coordenada",
   "pk": 78,
   "fields": {
      "lat": "15.12102726213871",
      "lng": "-90.88873555276722",
      "descripcion": null
   }
},
{
   "model": "main.coordenada",
   "pk": 79,
   "fields": {
      "lat": "15.173325083741338",
      "lng": "-89.81969548933469",
      "descripcion": null
   }
},
{
   "model": "main.coordenada",
   "pk": 80,
   "fields": {
      "lat": "14.860904666386046",
      "lng": "-90.83306934049274",
      "descripcion": null
   }
},
{
   "model": "main.coordenada",
   "pk": 81,
   "fields": {
      "lat": "15.063472773197203",
      "lng": "-90.84106217101396",
      "descripcion": null
   }
},
{
   "model": "main.coordenada",
   "pk": 82,
   "fields": {
      "lat": "15.081153698548986",
      "lng": "-90.62977713200735",
      "descripcion": null
   }
},
{
   "model": "main.coordenada",
   "pk": 83,
   "fields": {
      "lat": "14.978137159188595",
      "lng": "-90.60185668339699",
      "descripcion": null
   }
},
{
   "model": "main.coordenada",
   "pk": 84,
   "fields": {
      "lat": "15.08710426604983",
      "lng": "-90.6602710531405",
      "descripcion": null
   }
},
{
   "model": "main.coordenada",
   "pk": 85,
   "fields": {
      "lat": "15.3700169377775",
      "lng": "-90.97559968248208",
      "descripcion": null
   }
},
{
   "model": "main.coordenada",
   "pk": 86,
   "fields": {
      "lat": "14.629907820099879",
      "lng": "-90.44618348401495",
      "descripcion": null
   }
},
{
   "model": "main.coordenada",
   "pk": 87,
   "fields": {
      "lat": "14.97247057043639",
      "lng": "-90.32411406064544",
      "descripcion": null
   }
},
{
   "model": "main.coordenada",
   "pk": 88,
   "fields": {
      "lat": "15.2570066725464",
      "lng": "-90.20535266863345",
      "descripcion": null
   }
},
{
   "model": "main.coordenada",
   "pk": 89,
   "fields": {
      "lat": "14.71889225902246",
      "lng": "-90.8994365110214",
      "descripcion": null
   }
},
{
   "model": "main.coordenada",
   "pk": 90,
   "fields": {
      "lat": "14.980028903527346",
      "lng": "-90.45369302680615",
      "descripcion": null
   }
},
{
   "model": "main.coordenada",
   "pk": 91,
   "fields": {
      "lat": "15.272966895776202",
      "lng": "-90.14337684118226",
      "descripcion": null
   }
},
{
   "model": "main.coordenada",
   "pk": 92,
   "fields": {
      "lat": "15.226915633159166",
      "lng": "-90.86422557529241",
      "descripcion": null
   }
},
{
   "model": "main.coordenada",
   "pk": 93,
   "fields": {
      "lat": "15.003267782972616",
      "lng": "-90.63469097091975",
      "descripcion": null
   }
},
{
   "model": "main.coordenada",
   "pk": 94,
   "fields": {
      "lat": "14.724359749106979",
      "lng": "-90.12069968454627",
      "descripcion": null
   }
},
{
   "model": "main.coordenada",
   "pk": 95,
   "fields": {
      "lat": "15.248306911997494",
      "lng": "-90.00572016506594",
      "descripcion": null
   }
},
{
   "model": "main.coordenada",
   "pk": 96,
   "fields": {
      "lat": "15.38621189676643",
      "lng": "-90.1426304558026",
      "descripcion": null
   }
},
{
   "model": "main.coordenada",
   "pk": 97,
   "fields": {
      "lat": "14.970561379767432",
      "lng": "-90.48300625456635",
      "descripcion": null
   }
},
{
   "model": "main.coordenada",
   "pk": 98,
   "fields": {
      "lat": "14.992487085766745",
      "lng": "-90.68925672733397",
      "descripcion": null
   }
},
{
   "model": "main.coordenada",
   "pk": 99,
   "fields": {
      "lat": "15.157261715194377",
      "lng": "-90.60507616034302",
      "descripcion": null
   }
},
{
   "model": "main.coordenada",
   "pk": 100,
   "fields": {
      "lat": "15.026330596783518",
      "lng": "-90.30865773181088",
      "descripcion": null
   }
},
{
   "model": "main.coordenada",
   "pk": 101,
   "fields": {
      "lat": "15.120235612345045",
      "lng": "-90.24389598180136",
      "descripcion": null
   }
},
{
   "model": "main.coordenada",
   "pk": 102,
   "fields": {
      "lat": "15.108450031579027",
      "lng": "-90.8898208557263",
      "descripcion": null
   }
},
{
   "model": "main.coordenada",
   "pk": 103,
   "fields": {
      "lat": "14.804484886253857",
      "lng": "-90.49027462846674",
      "descripcion": null
   }
},
{
   "model": "main.coordenada",
   "pk": 104,
   "fields": {
      "lat": "15.237376307856886",
      "lng": "-90.38693836752856",
      "descripcion": null
   }
},
{
   "model": "main.coordenada",
   "pk": 105,
   "fields": {
      "lat": "15.345532502169908",
      "lng": "-89.9180626974009",
      "descripcion": null
   }
},
{
   "model": "main.coordenada",
   "pk": 106,
   "fields": {
      "lat": "15.388463351404049",
      "lng": "-90.8398630834488",
      "descripcion": null
   }
},
{
   "model": "main.coordenada",
   "pk": 107,
   "fields": {
      "lat": "15.366428050061879",
      "lng": "-90.98003626736042",
      "descripcion": null
   }
},
{
   "model": "main.coordenada",
   "pk": 108,
   "fields": {
      "lat": "14.67007411677511",
      "lng": "-90.7717969041377",
      "descripcion": null
   }
},
{
   "model": "main.coordenada",
   "pk": 109,
   "fields": {
      "lat": "15.056030254204849",
      "lng": "-90.26553697172818",
      "descripcion": null
   }
},
{
   "model": "main.archivogenerado",
   "pk": 1,
   "fields": {
      "nombre": "ie_mapa",
      "slug": "mapa",
      "ultima_actualizacion": "2017-10-26T18:14:37.775Z",
      "archivo": "generados/ie_mapa_2017-10-26-20-22-56.json",
      "descripcion": "",
      "input_url": "ie_escuela_api_list",
      "activo": true
   }
},
{
   "model": "main.archivogenerado",
   "pk": 2,
   "fields": {
      "nombre": "ie_laboratorio_api_list",
      "slug": "ie_laboratorio_api_list",
      "ultima_actualizacion": "2017-10-26T20:25:44.049Z",
      "archivo": "generados/Untitled.ipynb",
      "descripcion": "",
      "input_url": "",
      "activo": true
   }
},
{
   "model": "main.archivogenerado",
   "pk": 3,
   "fields": {
      "nombre": "ie_geo_api_list",
      "slug": "ie_geo_api_list",
      "ultima_actualizacion": "2017-10-26T20:26:09.691Z",
      "archivo": "generados/Untitled_Q7fIMt3.ipynb",
      "descripcion": "",
      "input_url": "",
      "activo": true
   }
},
{
   "model": "users.organizacion",
   "pk": 1,
   "fields": {
      "nombre": "Funsepa",
      "color": "#0073b7"
   }
},
{
   "model": "users.organizacion",
   "pk": 2,
   "fields": {
      "nombre": "Mineduc",
      "color": "#0073b7"
   }
},
{
   "model": "users.organizacion",
   "pk": 3,
   "fields": {
      "nombre": "SIT",
      "color": "#0073b7"
   }
},
{
   "model": "users.perfil",
   "pk": 1,
   "fields": {
      "user": 1,
      "dpi": "22541485870101",
      "public": true,
      "genero": "M",
      "fecha_nacimiento": "2017-02-09",
      "direccion": "",
      "foto": "perfil_usuario/7_2UMDRpR.jpg",
      "color": "#dd4b39",
      "organizacion": 1
   }
},
{
   "model": "users.perfil",
   "pk": 2,
   "fields": {
      "user": 2,
      "dpi": "4567897456",
      "public": true,
      "genero": "F",
      "fecha_nacimiento": "2017-10-04",
      "direccion": "",
      "foto": "perfil_usuario/Dimas_Franco.jpg",
      "color": "#0073b7",
      "organizacion": 1
   }
},
{
   "model": "users.perfil",
   "pk": 3,
   "fields": {
      "user": 3,
      "dpi": "123456789",
      "public": true,
      "genero": "M",
      "fecha_nacimiento": null,
      "direccion": "ciudad",
      "foto": "",
      "color": "tile",
      "organizacion": null
   }
},
{
   "model": "users.perfil",
   "pk": 4,
   "fields": {
      "user": 4,
      "dpi": "456789",
      "public": true,
      "genero": "F",
      "fecha_nacimiento": "2017-06-06",
      "direccion": "ciudad",
      "foto": "perfil_usuario/20170516_105454.jpg",
      "color": "#605ca8",
      "organizacion": null
   }
},
{
   "model": "users.perfil",
   "pk": 5,
   "fields": {
      "user": 5,
      "dpi": "546464",
      "public": true,
      "genero": "M",
      "fecha_nacimiento": null,
      "direccion": "",
      "foto": "",
      "color": "tile",
      "organizacion": null
   }
},
{
   "model": "users.perfil",
   "pk": 6,
   "fields": {
      "user": 6,
      "dpi": "2312",
      "public": true,
      "genero": "M",
      "fecha_nacimiento": "2017-12-10",
      "direccion": "Casa",
      "foto": "",
      "color": "#0073b7",
      "organizacion": null
   }
},
{
   "model": "escuela.escarea",
   "pk": 1,
   "fields": {
      "area": "Urbana"
   }
},
{
   "model": "escuela.escarea",
   "pk": 2,
   "fields": {
      "area": "Rural"
   }
},
{
   "model": "escuela.escarea",
   "pk": 3,
   "fields": {
      "area": "Urbana"
   }
},
{
   "model": "escuela.escarea",
   "pk": 4,
   "fields": {
      "area": "Rural"
   }
},
{
   "model": "escuela.escjornada",
   "pk": 1,
   "fields": {
      "jornada": "Doble"
   }
},
{
   "model": "escuela.escjornada",
   "pk": 2,
   "fields": {
      "jornada": "Intermedia"
   }
},
{
   "model": "escuela.escjornada",
   "pk": 3,
   "fields": {
      "jornada": "Matutina"
   }
},
{
   "model": "escuela.escjornada",
   "pk": 4,
   "fields": {
      "jornada": "Nocturna"
   }
},
{
   "model": "escuela.escjornada",
   "pk": 5,
   "fields": {
      "jornada": "Vespertina"
   }
},
{
   "model": "escuela.escmodalidad",
   "pk": 1,
   "fields": {
      "modalidad": "Biling\u00fce"
   }
},
{
   "model": "escuela.escmodalidad",
   "pk": 2,
   "fields": {
      "modalidad": "Monoling\u00fce"
   }
},
{
   "model": "escuela.escnivel",
   "pk": 1,
   "fields": {
      "nivel": "Preprimaria Biling\u00fce"
   }
},
{
   "model": "escuela.escnivel",
   "pk": 2,
   "fields": {
      "nivel": "B\u00e1sico"
   }
},
{
   "model": "escuela.escnivel",
   "pk": 3,
   "fields": {
      "nivel": "Parvulos"
   }
},
{
   "model": "escuela.escnivel",
   "pk": 4,
   "fields": {
      "nivel": "Primaria"
   }
},
{
   "model": "escuela.escnivel",
   "pk": 5,
   "fields": {
      "nivel": "Primaria de Adultos"
   }
},
{
   "model": "escuela.escnivel",
   "pk": 6,
   "fields": {
      "nivel": "Diversificado"
   }
},
{
   "model": "escuela.escnivel",
   "pk": 7,
   "fields": {
      "nivel": "Ninguno"
   }
},
{
   "model": "escuela.escplan",
   "pk": 1,
   "fields": {
      "plan": "A Distancia"
   }
},
{
   "model": "escuela.escplan",
   "pk": 2,
   "fields": {
      "plan": "Diario (Regular)"
   }
},
{
   "model": "escuela.escplan",
   "pk": 3,
   "fields": {
      "plan": "Dominical"
   }
},
{
   "model": "escuela.escplan",
   "pk": 4,
   "fields": {
      "plan": "Fin de Semana"
   }
},
{
   "model": "escuela.escplan",
   "pk": 5,
   "fields": {
      "plan": "Irregular"
   }
},
{
   "model": "escuela.escplan",
   "pk": 6,
   "fields": {
      "plan": "Sabatino"
   }
},
{
   "model": "escuela.escsector",
   "pk": 1,
   "fields": {
      "sector": "Cooperativa"
   }
},
{
   "model": "escuela.escsector",
   "pk": 2,
   "fields": {
      "sector": "Municipal"
   }
},
{
   "model": "escuela.escsector",
   "pk": 3,
   "fields": {
      "sector": "Oficial"
   }
},
{
   "model": "escuela.escsector",
   "pk": 4,
   "fields": {
      "sector": "Privado"
   }
},
{
   "model": "escuela.escstatus",
   "pk": 1,
   "fields": {
      "status": "Abierta"
   }
},
{
   "model": "escuela.escstatus",
   "pk": 2,
   "fields": {
      "status": "Cerrada Temporalmente"
   }
},
{
   "model": "escuela.escstatus",
   "pk": 3,
   "fields": {
      "status": "Eliminado"
   }
},
{
   "model": "escuela.escstatus",
   "pk": 4,
   "fields": {
      "status": "Temporal T\u00edtulos"
   }
},
{
   "model": "escuela.escstatus",
   "pk": 5,
   "fields": {
      "status": "Temporal Contrato 021"
   }
},
{
   "model": "escuela.escstatus",
   "pk": 6,
   "fields": {
      "status": "Temporal Nombramiento"
   }
},
{
   "model": "escuela.escstatus",
   "pk": 7,
   "fields": {
      "status": "Deshabilitado"
   }
},
{
   "model": "escuela.escuela",
   "pk": 1,
   "fields": {
      "codigo": "01-01-2015-43",
      "distrito": "",
      "municipio": 104,
      "nombre": "LA LIBERTAD",
      "direccion": "ALDEA LA LIBERTAD",
      "telefono": "78457845",
      "nivel": 4,
      "sector": 2,
      "area": 3,
      "status": 1,
      "modalidad": 2,
      "jornada": 3,
      "plan": 2,
      "mapa": 20
   }
},
{
   "model": "escuela.escuela",
   "pk": 2,
   "fields": {
      "codigo": "09-01-0057-43",
      "distrito": "",
      "municipio": 202,
      "nombre": "SAN MIGUEL",
      "direccion": "ALDEA SAN MIGUEL",
      "telefono": "",
      "nivel": 2,
      "sector": 3,
      "area": 3,
      "status": 1,
      "modalidad": 2,
      "jornada": 5,
      "plan": 2,
      "mapa": 21
   }
},
{
   "model": "escuela.escuela",
   "pk": 3,
   "fields": {
      "codigo": "01-01-0050-43",
      "distrito": "",
      "municipio": 101,
      "nombre": "PEDRO MOLINA",
      "direccion": "ZONA 15",
      "telefono": "",
      "nivel": 4,
      "sector": 3,
      "area": 3,
      "status": 1,
      "modalidad": 2,
      "jornada": 3,
      "plan": 2,
      "mapa": 22
   }
},
{
   "model": "escuela.escuela",
   "pk": 4,
   "fields": {
      "codigo": "01-08-2010-43",
      "distrito": "",
      "municipio": 108,
      "nombre": "EORM",
      "direccion": "CALZADA MATEO FLORES",
      "telefono": "",
      "nivel": 4,
      "sector": 3,
      "area": 4,
      "status": 1,
      "modalidad": 2,
      "jornada": 3,
      "plan": 2,
      "mapa": 23
   }
},
{
   "model": "escuela.escuela",
   "pk": 5,
   "fields": {
      "codigo": "04-01-0001-43",
      "distrito": "",
      "municipio": 401,
      "nombre": "EOUM",
      "direccion": "EL PARQUE",
      "telefono": "78491049",
      "nivel": 4,
      "sector": 3,
      "area": 3,
      "status": 1,
      "modalidad": 2,
      "jornada": 3,
      "plan": 2,
      "mapa": 24
   }
},
{
   "model": "escuela.escuela",
   "pk": 6,
   "fields": {
      "codigo": "05-01-0121-43",
      "distrito": "05-012",
      "municipio": 501,
      "nombre": "ASINTAL",
      "direccion": "La calle",
      "telefono": "",
      "nivel": 4,
      "sector": 3,
      "area": 3,
      "status": 1,
      "modalidad": 2,
      "jornada": 3,
      "plan": 2,
      "mapa": 25
   }
},
{
   "model": "escuela.escuela",
   "pk": 7,
   "fields": {
      "codigo": "05-01-0452-43",
      "distrito": "05-012",
      "municipio": 501,
      "nombre": "LA OTRA",
      "direccion": "La calle",
      "telefono": "",
      "nivel": 4,
      "sector": 3,
      "area": 3,
      "status": 1,
      "modalidad": 2,
      "jornada": 3,
      "plan": 2,
      "mapa": 26
   }
},
{
   "model": "escuela.escuela",
   "pk": 8,
   "fields": {
      "codigo": "09-09-0001-43",
      "distrito": "",
      "municipio": 103,
      "nombre": "HUEHUEHUE",
      "direccion": "esta es una prueba",
      "telefono": "",
      "nivel": 4,
      "sector": 3,
      "area": 4,
      "status": 1,
      "modalidad": 2,
      "jornada": 1,
      "plan": 2,
      "mapa": 27
   }
},
{
   "model": "escuela.escuela",
   "pk": 9,
   "fields": {
      "codigo": "13-27-1313-43",
      "distrito": "",
      "municipio": 1327,
      "nombre": "ESCUELA OFICIAL  RURAL MIXTA",
      "direccion": "SECTOR I ALDEA EL MANZANILLO",
      "telefono": "",
      "nivel": 4,
      "sector": 3,
      "area": 4,
      "status": 1,
      "modalidad": 2,
      "jornada": 3,
      "plan": 2,
      "mapa": 28
   }
},
{
   "model": "escuela.escuela",
   "pk": 10,
   "fields": {
      "codigo": "01-09-1746-43",
      "distrito": "01-09-02",
      "municipio": 109,
      "nombre": "ESCUELA  OFICIAL RURAL MIXTA",
      "direccion": "CASERIO LOS  ORT\u00cdZ .",
      "telefono": "",
      "nivel": 4,
      "sector": 3,
      "area": 4,
      "status": 1,
      "modalidad": 1,
      "jornada": 3,
      "plan": 2,
      "mapa": 29
   }
},
{
   "model": "escuela.escuela",
   "pk": 11,
   "fields": {
      "codigo": "11-07-0371-43",
      "distrito": "",
      "municipio": 1107,
      "nombre": "ESCUELA OFICIAL RURAL MIXTA CUCHUAP\u00c1N",
      "direccion": "COMUNIDAD  NUEVA  OLGA MARIA  CUCHUAPAN",
      "telefono": "",
      "nivel": 4,
      "sector": 3,
      "area": 4,
      "status": 1,
      "modalidad": 1,
      "jornada": 5,
      "plan": 2,
      "mapa": 30
   }
},
{
   "model": "escuela.escuela",
   "pk": 12,
   "fields": {
      "codigo": "05-01-2288-43",
      "distrito": "",
      "municipio": 501,
      "nombre": "ESCUELA OFICIAL RURAL MIXTA MARTA ESCOBAR DE  RICHARDSON",
      "direccion": "BOULEVAR  COLONIA  PRADOS  DEL RIO",
      "telefono": "",
      "nivel": 4,
      "sector": 3,
      "area": 4,
      "status": 1,
      "modalidad": 2,
      "jornada": 5,
      "plan": 2,
      "mapa": 31
   }
},
{
   "model": "escuela.escuela",
   "pk": 13,
   "fields": {
      "codigo": "05-01-0047-43",
      "distrito": "",
      "municipio": 501,
      "nombre": "ESCUELA OFICIAL RURAL MIXTA LOS PORTALES",
      "direccion": "AVENIDA PRINVIPAL 3 CALLE  COLONIA LOS PORTALES",
      "telefono": "",
      "nivel": 4,
      "sector": 3,
      "area": 4,
      "status": 1,
      "modalidad": 2,
      "jornada": 3,
      "plan": 2,
      "mapa": 32
   }
},
{
   "model": "escuela.escuela",
   "pk": 14,
   "fields": {
      "codigo": "01-09-7188-43",
      "distrito": "",
      "municipio": 109,
      "nombre": "ESCUELA OFICIAL RURAL MIXTA",
      "direccion": "COLONIA  BOSQUES DE  VISTA HERMOSA I , ALDEA VISTA HERMOSA",
      "telefono": "",
      "nivel": 4,
      "sector": 3,
      "area": 4,
      "status": 1,
      "modalidad": 1,
      "jornada": 3,
      "plan": 2,
      "mapa": 33
   }
},
{
   "model": "escuela.escuela",
   "pk": 15,
   "fields": {
      "codigo": "00-18-1193-43",
      "distrito": "",
      "municipio": 101,
      "nombre": "ESCUELA OFICIAL URBANA MIXTA NO. 438",
      "direccion": "26 AVENIDA 9-30 ZOLONIA  PARAISO II ZONA  18",
      "telefono": "",
      "nivel": 4,
      "sector": 3,
      "area": 3,
      "status": 1,
      "modalidad": 2,
      "jornada": 3,
      "plan": 2,
      "mapa": 34
   }
},
{
   "model": "escuela.escuela",
   "pk": 16,
   "fields": {
      "codigo": "07-15-0343-43",
      "distrito": "",
      "municipio": 715,
      "nombre": "ESCUELA OFICIAL URBANA MIXTA",
      "direccion": "2 avenida  5-98 , zona  2",
      "telefono": "",
      "nivel": 4,
      "sector": 3,
      "area": 3,
      "status": 1,
      "modalidad": 2,
      "jornada": 3,
      "plan": 2,
      "mapa": 35
   }
},
{
   "model": "escuela.escuela",
   "pk": 17,
   "fields": {
      "codigo": "13-26-1211-43",
      "distrito": null,
      "municipio": 1326,
      "nombre": "EORM ",
      "direccion": "",
      "telefono": null,
      "nivel": 4,
      "sector": 3,
      "area": 2,
      "status": 1,
      "modalidad": 2,
      "jornada": 3,
      "plan": 2,
      "mapa": 36
   }
},
{
   "model": "escuela.escuela",
   "pk": 18,
   "fields": {
      "codigo": "13-26-1212-43",
      "distrito": null,
      "municipio": 1326,
      "nombre": "EORM ",
      "direccion": "",
      "telefono": null,
      "nivel": 4,
      "sector": 3,
      "area": 2,
      "status": 1,
      "modalidad": 2,
      "jornada": 3,
      "plan": 2,
      "mapa": 37
   }
},
{
   "model": "escuela.escuela",
   "pk": 19,
   "fields": {
      "codigo": "13-26-1213-43",
      "distrito": null,
      "municipio": 1326,
      "nombre": "EORM DR. MARIANO GALVEZ",
      "direccion": "",
      "telefono": null,
      "nivel": 4,
      "sector": 3,
      "area": 2,
      "status": 1,
      "modalidad": 2,
      "jornada": 3,
      "plan": 2,
      "mapa": 38
   }
},
{
   "model": "escuela.escuela",
   "pk": 20,
   "fields": {
      "codigo": "13-26-1215-43",
      "distrito": null,
      "municipio": 1326,
      "nombre": "EORM ",
      "direccion": "",
      "telefono": null,
      "nivel": 4,
      "sector": 3,
      "area": 2,
      "status": 1,
      "modalidad": 2,
      "jornada": 3,
      "plan": 2,
      "mapa": 39
   }
},
{
   "model": "escuela.escuela",
   "pk": 21,
   "fields": {
      "codigo": "13-26-1216-43",
      "distrito": null,
      "municipio": 1326,
      "nombre": "EORM ",
      "direccion": "",
      "telefono": null,
      "nivel": 4,
      "sector": 3,
      "area": 2,
      "status": 1,
      "modalidad": 2,
      "jornada": 3,
      "plan": 2,
      "mapa": 40
   }
},
{
   "model": "escuela.escuela",
   "pk": 22,
   "fields": {
      "codigo": "13-26-1217-43",
      "distrito": null,
      "municipio": 1326,
      "nombre": "EORM ",
      "direccion": "",
      "telefono": null,
      "nivel": 4,
      "sector": 3,
      "area": 2,
      "status": 1,
      "modalidad": 2,
      "jornada": 3,
      "plan": 2,
      "mapa": 41
   }
},
{
   "model": "escuela.escuela",
   "pk": 23,
   "fields": {
      "codigo": "13-26-1218-43",
      "distrito": null,
      "municipio": 1326,
      "nombre": "EORM ",
      "direccion": "",
      "telefono": null,
      "nivel": 4,
      "sector": 3,
      "area": 2,
      "status": 1,
      "modalidad": 2,
      "jornada": 3,
      "plan": 2,
      "mapa": 42
   }
},
{
   "model": "escuela.escuela",
   "pk": 24,
   "fields": {
      "codigo": "13-26-1219-43",
      "distrito": null,
      "municipio": 1326,
      "nombre": "EORM ",
      "direccion": "",
      "telefono": null,
      "nivel": 4,
      "sector": 3,
      "area": 2,
      "status": 1,
      "modalidad": 2,
      "jornada": 3,
      "plan": 2,
      "mapa": 43
   }
},
{
   "model": "escuela.escuela",
   "pk": 25,
   "fields": {
      "codigo": "13-26-1221-43",
      "distrito": null,
      "municipio": 1326,
      "nombre": "EORM ",
      "direccion": "",
      "telefono": null,
      "nivel": 4,
      "sector": 3,
      "area": 2,
      "status": 1,
      "modalidad": 2,
      "jornada": 3,
      "plan": 2,
      "mapa": 44
   }
},
{
   "model": "escuela.escuela",
   "pk": 26,
   "fields": {
      "codigo": "13-26-1222-43",
      "distrito": null,
      "municipio": 1326,
      "nombre": "EORM ",
      "direccion": "",
      "telefono": null,
      "nivel": 4,
      "sector": 3,
      "area": 2,
      "status": 1,
      "modalidad": 2,
      "jornada": 3,
      "plan": 2,
      "mapa": 45
   }
},
{
   "model": "escuela.escuela",
   "pk": 27,
   "fields": {
      "codigo": "13-26-1223-43",
      "distrito": null,
      "municipio": 1326,
      "nombre": "EORM ",
      "direccion": "",
      "telefono": null,
      "nivel": 4,
      "sector": 3,
      "area": 2,
      "status": 1,
      "modalidad": 2,
      "jornada": 3,
      "plan": 2,
      "mapa": 46
   }
},
{
   "model": "escuela.escuela",
   "pk": 28,
   "fields": {
      "codigo": "13-26-1225-43",
      "distrito": null,
      "municipio": 1326,
      "nombre": "COLEGIO EVANGELICO  BEREA",
      "direccion": "",
      "telefono": null,
      "nivel": 4,
      "sector": 4,
      "area": 1,
      "status": 1,
      "modalidad": 2,
      "jornada": 3,
      "plan": 2,
      "mapa": 47
   }
},
{
   "model": "escuela.escuela",
   "pk": 29,
   "fields": {
      "codigo": "13-26-1226-43",
      "distrito": null,
      "municipio": 1326,
      "nombre": "EORM ",
      "direccion": "",
      "telefono": null,
      "nivel": 4,
      "sector": 3,
      "area": 2,
      "status": 1,
      "modalidad": 2,
      "jornada": 3,
      "plan": 2,
      "mapa": 48
   }
},
{
   "model": "escuela.escuela",
   "pk": 30,
   "fields": {
      "codigo": "13-26-1227-43",
      "distrito": null,
      "municipio": 1326,
      "nombre": "EORM ",
      "direccion": "",
      "telefono": null,
      "nivel": 4,
      "sector": 3,
      "area": 2,
      "status": 1,
      "modalidad": 2,
      "jornada": 3,
      "plan": 2,
      "mapa": 49
   }
},
{
   "model": "escuela.escuela",
   "pk": 31,
   "fields": {
      "codigo": "13-26-1228-43",
      "distrito": null,
      "municipio": 1326,
      "nombre": "EORM ",
      "direccion": "",
      "telefono": null,
      "nivel": 4,
      "sector": 3,
      "area": 2,
      "status": 1,
      "modalidad": 2,
      "jornada": 3,
      "plan": 2,
      "mapa": 50
   }
},
{
   "model": "escuela.escuela",
   "pk": 32,
   "fields": {
      "codigo": "13-26-1229-43",
      "distrito": null,
      "municipio": 1326,
      "nombre": "EORM ",
      "direccion": "",
      "telefono": null,
      "nivel": 4,
      "sector": 3,
      "area": 2,
      "status": 1,
      "modalidad": 2,
      "jornada": 3,
      "plan": 2,
      "mapa": 51
   }
},
{
   "model": "escuela.escuela",
   "pk": 33,
   "fields": {
      "codigo": "13-26-1231-43",
      "distrito": null,
      "municipio": 1326,
      "nombre": "EORM ",
      "direccion": "",
      "telefono": null,
      "nivel": 4,
      "sector": 3,
      "area": 2,
      "status": 1,
      "modalidad": 2,
      "jornada": 3,
      "plan": 2,
      "mapa": 52
   }
},
{
   "model": "escuela.escuela",
   "pk": 34,
   "fields": {
      "codigo": "13-26-1232-43",
      "distrito": null,
      "municipio": 1326,
      "nombre": "EORM ",
      "direccion": "",
      "telefono": null,
      "nivel": 4,
      "sector": 3,
      "area": 2,
      "status": 1,
      "modalidad": 2,
      "jornada": 3,
      "plan": 2,
      "mapa": 53
   }
},
{
   "model": "escuela.escuela",
   "pk": 35,
   "fields": {
      "codigo": "13-26-1233-43",
      "distrito": null,
      "municipio": 1326,
      "nombre": "EORM ",
      "direccion": "",
      "telefono": null,
      "nivel": 4,
      "sector": 3,
      "area": 2,
      "status": 1,
      "modalidad": 2,
      "jornada": 3,
      "plan": 2,
      "mapa": 54
   }
},
{
   "model": "escuela.escuela",
   "pk": 36,
   "fields": {
      "codigo": "13-26-1234-43",
      "distrito": null,
      "municipio": 1326,
      "nombre": "EORM ",
      "direccion": "",
      "telefono": null,
      "nivel": 4,
      "sector": 3,
      "area": 2,
      "status": 1,
      "modalidad": 2,
      "jornada": 3,
      "plan": 2,
      "mapa": 55
   }
},
{
   "model": "escuela.escuela",
   "pk": 37,
   "fields": {
      "codigo": "13-26-1236-43",
      "distrito": null,
      "municipio": 1326,
      "nombre": "EORM ",
      "direccion": "",
      "telefono": null,
      "nivel": 4,
      "sector": 3,
      "area": 2,
      "status": 1,
      "modalidad": 2,
      "jornada": 3,
      "plan": 2,
      "mapa": 56
   }
},
{
   "model": "escuela.escuela",
   "pk": 38,
   "fields": {
      "codigo": "13-26-1238-43",
      "distrito": null,
      "municipio": 1326,
      "nombre": "EORM ",
      "direccion": "",
      "telefono": null,
      "nivel": 4,
      "sector": 3,
      "area": 2,
      "status": 1,
      "modalidad": 2,
      "jornada": 3,
      "plan": 2,
      "mapa": 57
   }
},
{
   "model": "escuela.escuela",
   "pk": 39,
   "fields": {
      "codigo": "13-26-1239-43",
      "distrito": null,
      "municipio": 1326,
      "nombre": "EORM ",
      "direccion": "",
      "telefono": null,
      "nivel": 4,
      "sector": 3,
      "area": 2,
      "status": 1,
      "modalidad": 2,
      "jornada": 3,
      "plan": 2,
      "mapa": 58
   }
},
{
   "model": "escuela.escuela",
   "pk": 40,
   "fields": {
      "codigo": "13-26-1240-43",
      "distrito": null,
      "municipio": 1326,
      "nombre": "EORM ",
      "direccion": "",
      "telefono": null,
      "nivel": 4,
      "sector": 3,
      "area": 2,
      "status": 1,
      "modalidad": 2,
      "jornada": 3,
      "plan": 2,
      "mapa": 59
   }
},
{
   "model": "escuela.escuela",
   "pk": 41,
   "fields": {
      "codigo": "13-26-1243-43",
      "distrito": null,
      "municipio": 1326,
      "nombre": "EORM ",
      "direccion": "",
      "telefono": null,
      "nivel": 4,
      "sector": 3,
      "area": 2,
      "status": 1,
      "modalidad": 2,
      "jornada": 3,
      "plan": 2,
      "mapa": 60
   }
},
{
   "model": "escuela.escuela",
   "pk": 42,
   "fields": {
      "codigo": "13-26-1245-43",
      "distrito": null,
      "municipio": 1326,
      "nombre": "EORM ",
      "direccion": "",
      "telefono": null,
      "nivel": 4,
      "sector": 3,
      "area": 2,
      "status": 1,
      "modalidad": 2,
      "jornada": 3,
      "plan": 2,
      "mapa": 61
   }
},
{
   "model": "escuela.escuela",
   "pk": 43,
   "fields": {
      "codigo": "13-26-1246-43",
      "distrito": null,
      "municipio": 1326,
      "nombre": "EORM ",
      "direccion": "",
      "telefono": null,
      "nivel": 4,
      "sector": 3,
      "area": 2,
      "status": 1,
      "modalidad": 2,
      "jornada": 3,
      "plan": 2,
      "mapa": 62
   }
},
{
   "model": "escuela.escuela",
   "pk": 44,
   "fields": {
      "codigo": "13-26-1247-43",
      "distrito": null,
      "municipio": 1326,
      "nombre": "EORM ",
      "direccion": "",
      "telefono": null,
      "nivel": 4,
      "sector": 3,
      "area": 2,
      "status": 1,
      "modalidad": 2,
      "jornada": 3,
      "plan": 2,
      "mapa": 63
   }
},
{
   "model": "escuela.escuela",
   "pk": 45,
   "fields": {
      "codigo": "13-26-1248-43",
      "distrito": null,
      "municipio": 1326,
      "nombre": "EORM ",
      "direccion": "",
      "telefono": null,
      "nivel": 4,
      "sector": 3,
      "area": 2,
      "status": 1,
      "modalidad": 2,
      "jornada": 3,
      "plan": 2,
      "mapa": 64
   }
},
{
   "model": "escuela.escuela",
   "pk": 46,
   "fields": {
      "codigo": "13-26-1249-43",
      "distrito": null,
      "municipio": 1326,
      "nombre": "EORM ",
      "direccion": "",
      "telefono": null,
      "nivel": 4,
      "sector": 3,
      "area": 2,
      "status": 1,
      "modalidad": 2,
      "jornada": 3,
      "plan": 2,
      "mapa": 65
   }
},
{
   "model": "escuela.escuela",
   "pk": 47,
   "fields": {
      "codigo": "13-26-1251-43",
      "distrito": null,
      "municipio": 1326,
      "nombre": "EORM ",
      "direccion": "",
      "telefono": null,
      "nivel": 4,
      "sector": 3,
      "area": 2,
      "status": 1,
      "modalidad": 2,
      "jornada": 3,
      "plan": 2,
      "mapa": 66
   }
},
{
   "model": "escuela.escuela",
   "pk": 48,
   "fields": {
      "codigo": "13-26-1252-43",
      "distrito": "",
      "municipio": 1326,
      "nombre": "EORM",
      "direccion": "Su casa :D",
      "telefono": "",
      "nivel": 4,
      "sector": 3,
      "area": 2,
      "status": 1,
      "modalidad": 2,
      "jornada": 3,
      "plan": 2,
      "mapa": 67
   }
},
{
   "model": "escuela.escuela",
   "pk": 49,
   "fields": {
      "codigo": "13-26-1253-43",
      "distrito": null,
      "municipio": 1326,
      "nombre": "EORM ",
      "direccion": "",
      "telefono": null,
      "nivel": 4,
      "sector": 3,
      "area": 2,
      "status": 1,
      "modalidad": 2,
      "jornada": 3,
      "plan": 2,
      "mapa": 68
   }
},
{
   "model": "escuela.escuela",
   "pk": 50,
   "fields": {
      "codigo": "13-26-1254-43",
      "distrito": null,
      "municipio": 1326,
      "nombre": "EORM ",
      "direccion": "",
      "telefono": null,
      "nivel": 4,
      "sector": 3,
      "area": 2,
      "status": 1,
      "modalidad": 2,
      "jornada": 3,
      "plan": 2,
      "mapa": 69
   }
},
{
   "model": "escuela.escuela",
   "pk": 51,
   "fields": {
      "codigo": "13-26-1258-43",
      "distrito": null,
      "municipio": 1326,
      "nombre": "EORM ",
      "direccion": "",
      "telefono": null,
      "nivel": 4,
      "sector": 3,
      "area": 2,
      "status": 1,
      "modalidad": 2,
      "jornada": 3,
      "plan": 2,
      "mapa": 70
   }
},
{
   "model": "escuela.escuela",
   "pk": 52,
   "fields": {
      "codigo": "13-26-1259-43",
      "distrito": null,
      "municipio": 1326,
      "nombre": "EORM ",
      "direccion": "",
      "telefono": null,
      "nivel": 4,
      "sector": 3,
      "area": 2,
      "status": 1,
      "modalidad": 2,
      "jornada": 3,
      "plan": 2,
      "mapa": 71
   }
},
{
   "model": "escuela.escuela",
   "pk": 53,
   "fields": {
      "codigo": "13-26-1260-43",
      "distrito": null,
      "municipio": 1326,
      "nombre": "EORM ",
      "direccion": "",
      "telefono": null,
      "nivel": 4,
      "sector": 3,
      "area": 2,
      "status": 1,
      "modalidad": 2,
      "jornada": 3,
      "plan": 2,
      "mapa": 72
   }
},
{
   "model": "escuela.escuela",
   "pk": 54,
   "fields": {
      "codigo": "13-26-1261-44",
      "distrito": null,
      "municipio": 1326,
      "nombre": "EOPA ",
      "direccion": "",
      "telefono": null,
      "nivel": 5,
      "sector": 3,
      "area": 1,
      "status": 1,
      "modalidad": 2,
      "jornada": 4,
      "plan": 2,
      "mapa": 73
   }
},
{
   "model": "escuela.escuela",
   "pk": 55,
   "fields": {
      "codigo": "16-16-0039-43",
      "distrito": null,
      "municipio": 1616,
      "nombre": "EORM CASERIO CHAVACAL II",
      "direccion": "CASERIO CHAVACAL II",
      "telefono": null,
      "nivel": 4,
      "sector": 3,
      "area": 2,
      "status": 1,
      "modalidad": 2,
      "jornada": 3,
      "plan": 2,
      "mapa": 74
   }
},
{
   "model": "escuela.escuela",
   "pk": 56,
   "fields": {
      "codigo": "16-16-0040-43",
      "distrito": null,
      "municipio": 1616,
      "nombre": "EORM CASERIO PAPALHA",
      "direccion": "CASERIO PAPALHA",
      "telefono": null,
      "nivel": 4,
      "sector": 3,
      "area": 2,
      "status": 1,
      "modalidad": 2,
      "jornada": 3,
      "plan": 2,
      "mapa": 75
   }
},
{
   "model": "escuela.escuela",
   "pk": 57,
   "fields": {
      "codigo": "16-16-0041-41",
      "distrito": null,
      "municipio": 1616,
      "nombre": "COPB ANEXO A EOUM",
      "direccion": "BARRIO SAN ANDRES ",
      "telefono": null,
      "nivel": 3,
      "sector": 3,
      "area": 1,
      "status": 1,
      "modalidad": 2,
      "jornada": 3,
      "plan": 2,
      "mapa": 76
   }
},
{
   "model": "escuela.escuela",
   "pk": 58,
   "fields": {
      "codigo": "16-16-0042-45",
      "distrito": null,
      "municipio": 1616,
      "nombre": "INEB ",
      "direccion": "BARRIO EL CALVARIO ZONA 5 ",
      "telefono": "33390016",
      "nivel": 2,
      "sector": 3,
      "area": 1,
      "status": 1,
      "modalidad": 2,
      "jornada": 5,
      "plan": 2,
      "mapa": 77
   }
},
{
   "model": "escuela.escuela",
   "pk": 59,
   "fields": {
      "codigo": "16-16-0043-45",
      "distrito": null,
      "municipio": 1616,
      "nombre": "INEB DE TELESECUNDARIA",
      "direccion": "ALDEA SACSUHA ",
      "telefono": "45311033",
      "nivel": 2,
      "sector": 3,
      "area": 2,
      "status": 1,
      "modalidad": 2,
      "jornada": 5,
      "plan": 2,
      "mapa": 78
   }
},
{
   "model": "escuela.escuela",
   "pk": 60,
   "fields": {
      "codigo": "16-16-0044-45",
      "distrito": null,
      "municipio": 1616,
      "nombre": "INEB DE TELESECUNDARIA",
      "direccion": "ALDEA SAMILHA ",
      "telefono": null,
      "nivel": 2,
      "sector": 3,
      "area": 2,
      "status": 1,
      "modalidad": 2,
      "jornada": 5,
      "plan": 2,
      "mapa": 79
   }
},
{
   "model": "escuela.escuela",
   "pk": 61,
   "fields": {
      "codigo": "16-16-0045-45",
      "distrito": null,
      "municipio": 1616,
      "nombre": "INEB DE TELESECUNDARIA",
      "direccion": "ALDEA SANTA MARIA SAMILHA ",
      "telefono": "50423826",
      "nivel": 2,
      "sector": 3,
      "area": 2,
      "status": 1,
      "modalidad": 2,
      "jornada": 5,
      "plan": 2,
      "mapa": 80
   }
},
{
   "model": "escuela.escuela",
   "pk": 62,
   "fields": {
      "codigo": "16-16-0046-45",
      "distrito": null,
      "municipio": 1616,
      "nombre": "INEB DE TELESECUNDARIA",
      "direccion": "CASERIO CAQUIPEC ",
      "telefono": "40322391",
      "nivel": 2,
      "sector": 3,
      "area": 2,
      "status": 1,
      "modalidad": 2,
      "jornada": 5,
      "plan": 2,
      "mapa": 81
   }
},
{
   "model": "escuela.escuela",
   "pk": 63,
   "fields": {
      "codigo": "16-16-0047-45",
      "distrito": null,
      "municipio": 1616,
      "nombre": "INEB DE TELESECUNDARIA",
      "direccion": "ALDEA AGUA SUCIA I ",
      "telefono": "50509381",
      "nivel": 2,
      "sector": 3,
      "area": 2,
      "status": 1,
      "modalidad": 2,
      "jornada": 5,
      "plan": 2,
      "mapa": 82
   }
},
{
   "model": "escuela.escuela",
   "pk": 64,
   "fields": {
      "codigo": "16-16-0048-45",
      "distrito": null,
      "municipio": 1616,
      "nombre": "INEB DE TELESECUNDARIA",
      "direccion": "CASERIO PAPALHA ",
      "telefono": null,
      "nivel": 2,
      "sector": 3,
      "area": 2,
      "status": 1,
      "modalidad": 2,
      "jornada": 5,
      "plan": 2,
      "mapa": 83
   }
},
{
   "model": "escuela.escuela",
   "pk": 65,
   "fields": {
      "codigo": "16-16-0049-46",
      "distrito": null,
      "municipio": 1616,
      "nombre": "INSTITUTO NACIONAL DE EDUCACION DIVERSIFICADA",
      "direccion": "CASCO URBANO ",
      "telefono": "51625336",
      "nivel": 6,
      "sector": 3,
      "area": 1,
      "status": 1,
      "modalidad": 2,
      "jornada": 5,
      "plan": 2,
      "mapa": 84
   }
},
{
   "model": "escuela.escuela",
   "pk": 66,
   "fields": {
      "codigo": "16-16-0050-41",
      "distrito": null,
      "municipio": 1616,
      "nombre": "COPB ANEXA A EORM",
      "direccion": "BARRIO EL CRUCERO ZONA 3 ",
      "telefono": null,
      "nivel": 3,
      "sector": 3,
      "area": 2,
      "status": 1,
      "modalidad": 2,
      "jornada": 3,
      "plan": 2,
      "mapa": 85
   }
},
{
   "model": "escuela.escuela",
   "pk": 67,
   "fields": {
      "codigo": "16-16-0051-43",
      "distrito": null,
      "municipio": 1616,
      "nombre": "EORM ",
      "direccion": "COMUNIDAD AGRICOLA SAMILHA ",
      "telefono": "51870933",
      "nivel": 4,
      "sector": 3,
      "area": 2,
      "status": 1,
      "modalidad": 2,
      "jornada": 3,
      "plan": 2,
      "mapa": 86
   }
},
{
   "model": "escuela.escuela",
   "pk": 68,
   "fields": {
      "codigo": "16-16-0052-43",
      "distrito": null,
      "municipio": 1616,
      "nombre": "EORM ",
      "direccion": "CASERIO SAN FRANCISCO SEYAO ",
      "telefono": "57398737",
      "nivel": 4,
      "sector": 3,
      "area": 2,
      "status": 1,
      "modalidad": 2,
      "jornada": 3,
      "plan": 2,
      "mapa": 87
   }
},
{
   "model": "escuela.escuela",
   "pk": 69,
   "fields": {
      "codigo": "16-16-0053-42",
      "distrito": null,
      "municipio": 1616,
      "nombre": "EODP ANEXA A EORM",
      "direccion": "BARRIO EL CALVARIO ",
      "telefono": "50502084",
      "nivel": 3,
      "sector": 3,
      "area": 2,
      "status": 1,
      "modalidad": 2,
      "jornada": 3,
      "plan": 2,
      "mapa": 88
   }
},
{
   "model": "escuela.escuela",
   "pk": 70,
   "fields": {
      "codigo": "16-16-0054-43",
      "distrito": null,
      "municipio": 1616,
      "nombre": "EOUM ",
      "direccion": "BARRIO SAN ANDRES ",
      "telefono": null,
      "nivel": 4,
      "sector": 3,
      "area": 2,
      "status": 1,
      "modalidad": 2,
      "jornada": 3,
      "plan": 2,
      "mapa": 89
   }
},
{
   "model": "escuela.escuela",
   "pk": 71,
   "fields": {
      "codigo": "16-16-0055-43",
      "distrito": null,
      "municipio": 1616,
      "nombre": "EOUM ",
      "direccion": "BARRIO EL HOSPITAL, ZONA 11 ",
      "telefono": "32818714",
      "nivel": 4,
      "sector": 3,
      "area": 1,
      "status": 1,
      "modalidad": 2,
      "jornada": 3,
      "plan": 2,
      "mapa": 90
   }
},
{
   "model": "escuela.escuela",
   "pk": 72,
   "fields": {
      "codigo": "16-16-0056-42",
      "distrito": null,
      "municipio": 1616,
      "nombre": "EODP ANEXA A EOUM NO. 2",
      "direccion": "BARRIO EL CALVARIO ",
      "telefono": null,
      "nivel": 3,
      "sector": 3,
      "area": 2,
      "status": 1,
      "modalidad": 2,
      "jornada": 3,
      "plan": 2,
      "mapa": 91
   }
},
{
   "model": "escuela.escuela",
   "pk": 73,
   "fields": {
      "codigo": "16-16-0057-41",
      "distrito": null,
      "municipio": 1616,
      "nombre": "COPB ANEXO A EORM",
      "direccion": "JOLOMIJIXITO III ",
      "telefono": "49352806",
      "nivel": 3,
      "sector": 3,
      "area": 2,
      "status": 1,
      "modalidad": 2,
      "jornada": 3,
      "plan": 2,
      "mapa": 92
   }
},
{
   "model": "escuela.escuela",
   "pk": 74,
   "fields": {
      "codigo": "16-16-0058-41",
      "distrito": null,
      "municipio": 1616,
      "nombre": "COPB ANEXO A EORM",
      "direccion": "CASERIO SAN FRANCISCO LA TINTA ",
      "telefono": null,
      "nivel": 3,
      "sector": 3,
      "area": 2,
      "status": 1,
      "modalidad": 2,
      "jornada": 3,
      "plan": 2,
      "mapa": 93
   }
},
{
   "model": "escuela.escuela",
   "pk": 75,
   "fields": {
      "codigo": "16-16-0059-45",
      "distrito": null,
      "municipio": 1616,
      "nombre": "INEB DE TELESECUNDARIA",
      "direccion": "CASERIO EL PALOMAR ",
      "telefono": null,
      "nivel": 2,
      "sector": 3,
      "area": 2,
      "status": 1,
      "modalidad": 2,
      "jornada": 5,
      "plan": 2,
      "mapa": 94
   }
},
{
   "model": "escuela.escuela",
   "pk": 76,
   "fields": {
      "codigo": "16-16-0060-45",
      "distrito": null,
      "municipio": 1616,
      "nombre": "INEB DE TELESECUNDARIA",
      "direccion": "CASERIO SANTA CATALINA MATANZAS ",
      "telefono": null,
      "nivel": 2,
      "sector": 3,
      "area": 2,
      "status": 1,
      "modalidad": 2,
      "jornada": 5,
      "plan": 2,
      "mapa": 95
   }
},
{
   "model": "escuela.escuela",
   "pk": 77,
   "fields": {
      "codigo": "16-16-0062-42",
      "distrito": null,
      "municipio": 1616,
      "nombre": "EODP ANEXO A EORM",
      "direccion": "CASERIO AMAZONAS SECTOR VI CHAVACAL ",
      "telefono": "79510090",
      "nivel": 3,
      "sector": 3,
      "area": 2,
      "status": 1,
      "modalidad": 2,
      "jornada": 3,
      "plan": 2,
      "mapa": 96
   }
},
{
   "model": "escuela.escuela",
   "pk": 78,
   "fields": {
      "codigo": "16-16-0063-43",
      "distrito": null,
      "municipio": 1616,
      "nombre": "EORM ",
      "direccion": "CASERIO PALESTINA CARABAJAL ",
      "telefono": "58995961",
      "nivel": 4,
      "sector": 3,
      "area": 2,
      "status": 1,
      "modalidad": 2,
      "jornada": 3,
      "plan": 2,
      "mapa": 97
   }
},
{
   "model": "escuela.escuela",
   "pk": 79,
   "fields": {
      "codigo": "16-16-0064-43",
      "distrito": null,
      "municipio": 1616,
      "nombre": "EORM ",
      "direccion": "CASERIO SAN FRANCISCO III ",
      "telefono": "57596379",
      "nivel": 4,
      "sector": 3,
      "area": 2,
      "status": 1,
      "modalidad": 2,
      "jornada": 3,
      "plan": 2,
      "mapa": 98
   }
},
{
   "model": "escuela.escuela",
   "pk": 80,
   "fields": {
      "codigo": "16-16-0065-43",
      "distrito": null,
      "municipio": 1616,
      "nombre": "EORM ",
      "direccion": "CASERIO SAN VICENTE I ",
      "telefono": "46195794",
      "nivel": 4,
      "sector": 3,
      "area": 2,
      "status": 1,
      "modalidad": 2,
      "jornada": 3,
      "plan": 2,
      "mapa": 99
   }
},
{
   "model": "escuela.escuela",
   "pk": 81,
   "fields": {
      "codigo": "16-16-0066-42",
      "distrito": null,
      "municipio": 1616,
      "nombre": "EODP ANEXA A EORM",
      "direccion": "CASERIO SAN VICENTE I ",
      "telefono": "46195794",
      "nivel": 3,
      "sector": 3,
      "area": 2,
      "status": 1,
      "modalidad": 2,
      "jornada": 3,
      "plan": 2,
      "mapa": 100
   }
},
{
   "model": "escuela.escuela",
   "pk": 82,
   "fields": {
      "codigo": "16-16-0067-42",
      "distrito": null,
      "municipio": 1616,
      "nombre": "EODP ANEXA A EORM",
      "direccion": "ALDEA TAMPUR ",
      "telefono": null,
      "nivel": 3,
      "sector": 3,
      "area": 2,
      "status": 1,
      "modalidad": 2,
      "jornada": 3,
      "plan": 2,
      "mapa": 101
   }
},
{
   "model": "escuela.escuela",
   "pk": 83,
   "fields": {
      "codigo": "16-16-0068-43",
      "distrito": null,
      "municipio": 1616,
      "nombre": "EORM ",
      "direccion": "CASERIO SAN VICENTE II ",
      "telefono": null,
      "nivel": 4,
      "sector": 3,
      "area": 2,
      "status": 1,
      "modalidad": 2,
      "jornada": 3,
      "plan": 2,
      "mapa": 102
   }
},
{
   "model": "escuela.escuela",
   "pk": 84,
   "fields": {
      "codigo": "16-16-0069-43",
      "distrito": null,
      "municipio": 1616,
      "nombre": "EORM ",
      "direccion": "ALDEA SALAC II ",
      "telefono": "59187854",
      "nivel": 4,
      "sector": 3,
      "area": 2,
      "status": 1,
      "modalidad": 2,
      "jornada": 3,
      "plan": 2,
      "mapa": 103
   }
},
{
   "model": "escuela.escuela",
   "pk": 85,
   "fields": {
      "codigo": "16-16-0070-42",
      "distrito": null,
      "municipio": 1616,
      "nombre": "EODP ANEXA A EORM",
      "direccion": "ALDEA SALAC II ",
      "telefono": null,
      "nivel": 3,
      "sector": 3,
      "area": 2,
      "status": 1,
      "modalidad": 2,
      "jornada": 3,
      "plan": 2,
      "mapa": 104
   }
},
{
   "model": "escuela.escuela",
   "pk": 86,
   "fields": {
      "codigo": "16-16-0071-46",
      "distrito": null,
      "municipio": 1616,
      "nombre": "INSTITUTO MIXTO PRIVADO LATINO",
      "direccion": "BARRIO PE\u00d1A BLANCA, ZONA 6 ",
      "telefono": "33000763",
      "nivel": 6,
      "sector": 4,
      "area": 1,
      "status": 1,
      "modalidad": 2,
      "jornada": 5,
      "plan": 2,
      "mapa": 105
   }
},
{
   "model": "escuela.escuela",
   "pk": 87,
   "fields": {
      "codigo": "16-16-0073-41",
      "distrito": null,
      "municipio": 1616,
      "nombre": "COPB ANEXA A EORM",
      "direccion": "CASERIO SAN PABLO PAPALHA ",
      "telefono": null,
      "nivel": 3,
      "sector": 3,
      "area": 2,
      "status": 1,
      "modalidad": 2,
      "jornada": 3,
      "plan": 2,
      "mapa": 106
   }
},
{
   "model": "escuela.escuela",
   "pk": 88,
   "fields": {
      "codigo": "16-16-0074-41",
      "distrito": null,
      "municipio": 1616,
      "nombre": "COPB ANEXA A EORM",
      "direccion": "CASERIO SAMILHA II ",
      "telefono": null,
      "nivel": 3,
      "sector": 3,
      "area": 2,
      "status": 1,
      "modalidad": 2,
      "jornada": 3,
      "plan": 2,
      "mapa": 107
   }
},
{
   "model": "escuela.escuela",
   "pk": 89,
   "fields": {
      "codigo": "16-16-0075-41",
      "distrito": null,
      "municipio": 1616,
      "nombre": "COPB ANEXO A EORM",
      "direccion": "COMUNIDAD AGUA SUCIA I ",
      "telefono": "79510080",
      "nivel": 3,
      "sector": 3,
      "area": 2,
      "status": 1,
      "modalidad": 2,
      "jornada": 3,
      "plan": 2,
      "mapa": 108
   }
},
{
   "model": "escuela.escuela",
   "pk": 90,
   "fields": {
      "codigo": "16-16-0076-41",
      "distrito": null,
      "municipio": 1616,
      "nombre": "COPB ANEXO A EORM",
      "direccion": "COMUNIDAD LOS ANGELES ",
      "telefono": "79510080",
      "nivel": 3,
      "sector": 3,
      "area": 2,
      "status": 1,
      "modalidad": 2,
      "jornada": 3,
      "plan": 2,
      "mapa": 109
   }
},
{
   "model": "escuela.esccontactorol",
   "pk": 1,
   "fields": {
      "rol": "Director"
   }
},
{
   "model": "escuela.esccontactorol",
   "pk": 2,
   "fields": {
      "rol": "Supervisor"
   }
},
{
   "model": "escuela.esccontacto",
   "pk": 12,
   "fields": {
      "escuela": 1,
      "nombre": "Luis",
      "apellido": "Contreras",
      "rol": 1
   }
},
{
   "model": "escuela.esccontacto",
   "pk": 13,
   "fields": {
      "escuela": 3,
      "nombre": "asd",
      "apellido": "asd",
      "rol": 1
   }
},
{
   "model": "escuela.esccontacto",
   "pk": 14,
   "fields": {
      "escuela": 3,
      "nombre": "asd",
      "apellido": "asd",
      "rol": 2
   }
},
{
   "model": "escuela.esccontacto",
   "pk": 15,
   "fields": {
      "escuela": 3,
      "nombre": "asd",
      "apellido": "asd",
      "rol": 2
   }
},
{
   "model": "escuela.esccontacto",
   "pk": 16,
   "fields": {
      "escuela": 3,
      "nombre": "asd",
      "apellido": "asd",
      "rol": 2
   }
},
{
   "model": "escuela.esccontacto",
   "pk": 17,
   "fields": {
      "escuela": 3,
      "nombre": "asd",
      "apellido": "asd",
      "rol": 2
   }
},
{
   "model": "escuela.esccontacto",
   "pk": 18,
   "fields": {
      "escuela": 3,
      "nombre": "asd",
      "apellido": "asd",
      "rol": 2
   }
},
{
   "model": "escuela.esccontacto",
   "pk": 19,
   "fields": {
      "escuela": 3,
      "nombre": "asd",
      "apellido": "asd",
      "rol": 2
   }
},
{
   "model": "escuela.esccontacto",
   "pk": 20,
   "fields": {
      "escuela": 3,
      "nombre": "asd",
      "apellido": "asd",
      "rol": 2
   }
},
{
   "model": "escuela.esccontacto",
   "pk": 21,
   "fields": {
      "escuela": 3,
      "nombre": "Juan",
      "apellido": "Perez",
      "rol": 2
   }
},
{
   "model": "escuela.esccontacto",
   "pk": 22,
   "fields": {
      "escuela": 5,
      "nombre": "Luis",
      "apellido": "Carlos",
      "rol": 1
   }
},
{
   "model": "escuela.esccontacto",
   "pk": 23,
   "fields": {
      "escuela": 5,
      "nombre": "Carlos",
      "apellido": "Luis",
      "rol": 2
   }
},
{
   "model": "escuela.esccontacto",
   "pk": 24,
   "fields": {
      "escuela": 9,
      "nombre": "Gonzalo Roberto",
      "apellido": "Hernandez",
      "rol": 1
   }
},
{
   "model": "escuela.esccontactotelefono",
   "pk": 3,
   "fields": {
      "contacto": 12,
      "telefono": 5025757
   }
},
{
   "model": "escuela.esccontactotelefono",
   "pk": 4,
   "fields": {
      "contacto": 12,
      "telefono": 3055947675
   }
},
{
   "model": "escuela.esccontactotelefono",
   "pk": 5,
   "fields": {
      "contacto": 13,
      "telefono": 54
   }
},
{
   "model": "escuela.esccontactotelefono",
   "pk": 6,
   "fields": {
      "contacto": 14,
      "telefono": 123
   }
},
{
   "model": "escuela.esccontactotelefono",
   "pk": 7,
   "fields": {
      "contacto": 15,
      "telefono": 123
   }
},
{
   "model": "escuela.esccontactotelefono",
   "pk": 8,
   "fields": {
      "contacto": 16,
      "telefono": 123
   }
},
{
   "model": "escuela.esccontactotelefono",
   "pk": 9,
   "fields": {
      "contacto": 17,
      "telefono": 123
   }
},
{
   "model": "escuela.esccontactotelefono",
   "pk": 10,
   "fields": {
      "contacto": 19,
      "telefono": 123
   }
},
{
   "model": "escuela.esccontactotelefono",
   "pk": 11,
   "fields": {
      "contacto": 20,
      "telefono": 123
   }
},
{
   "model": "escuela.esccontactotelefono",
   "pk": 12,
   "fields": {
      "contacto": 21,
      "telefono": 54
   }
},
{
   "model": "escuela.esccontactotelefono",
   "pk": 13,
   "fields": {
      "contacto": 22,
      "telefono": 5454
   }
},
{
   "model": "escuela.esccontactotelefono",
   "pk": 14,
   "fields": {
      "contacto": 23,
      "telefono": 555555
   }
},
{
   "model": "escuela.esccontactotelefono",
   "pk": 15,
   "fields": {
      "contacto": 24,
      "telefono": 53894872
   }
},
{
   "model": "escuela.esccontactomail",
   "pk": 3,
   "fields": {
      "contacto": 12,
      "mail": "jinchuika@asd.asd"
   }
},
{
   "model": "escuela.esccontactomail",
   "pk": 4,
   "fields": {
      "contacto": 12,
      "mail": ""
   }
},
{
   "model": "escuela.esccontactomail",
   "pk": 5,
   "fields": {
      "contacto": 13,
      "mail": "asd@asd.asd"
   }
},
{
   "model": "escuela.esccontactomail",
   "pk": 6,
   "fields": {
      "contacto": 13,
      "mail": ""
   }
},
{
   "model": "escuela.esccontactomail",
   "pk": 7,
   "fields": {
      "contacto": 14,
      "mail": "asd@qwe.qwe"
   }
},
{
   "model": "escuela.esccontactomail",
   "pk": 8,
   "fields": {
      "contacto": 14,
      "mail": ""
   }
},
{
   "model": "escuela.esccontactomail",
   "pk": 9,
   "fields": {
      "contacto": 17,
      "mail": "asd@qwe.qwe"
   }
},
{
   "model": "escuela.esccontactomail",
   "pk": 10,
   "fields": {
      "contacto": 17,
      "mail": ""
   }
},
{
   "model": "escuela.esccontactomail",
   "pk": 11,
   "fields": {
      "contacto": 18,
      "mail": "asd@qwe.qwe"
   }
},
{
   "model": "escuela.esccontactomail",
   "pk": 12,
   "fields": {
      "contacto": 19,
      "mail": "asd@qwe.qwe"
   }
},
{
   "model": "escuela.esccontactomail",
   "pk": 13,
   "fields": {
      "contacto": 19,
      "mail": ""
   }
},
{
   "model": "escuela.esccontactomail",
   "pk": 14,
   "fields": {
      "contacto": 20,
      "mail": "asd@qwe.qwe"
   }
},
{
   "model": "escuela.esccontactomail",
   "pk": 15,
   "fields": {
      "contacto": 20,
      "mail": ""
   }
},
{
   "model": "escuela.esccontactomail",
   "pk": 16,
   "fields": {
      "contacto": 21,
      "mail": "asd@asd.asd"
   }
},
{
   "model": "escuela.esccontactomail",
   "pk": 17,
   "fields": {
      "contacto": 22,
      "mail": "asd@asd.com"
   }
},
{
   "model": "escuela.esccontactomail",
   "pk": 18,
   "fields": {
      "contacto": 23,
      "mail": "weee@wwwww.com"
   }
},
{
   "model": "escuela.escpoblacion",
   "pk": 1,
   "fields": {
      "escuela": 1,
      "fecha": "2017-03-01",
      "alumna": 25,
      "alumno": 45,
      "maestra": 20,
      "maestro": 12,
      "total_alumno": 70,
      "total_maestro": 32
   }
},
{
   "model": "escuela.escpoblacion",
   "pk": 2,
   "fields": {
      "escuela": 1,
      "fecha": "2017-03-03",
      "alumna": 0,
      "alumno": 0,
      "maestra": 0,
      "maestro": 0,
      "total_alumno": 0,
      "total_maestro": 0
   }
},
{
   "model": "escuela.escpoblacion",
   "pk": 3,
   "fields": {
      "escuela": 5,
      "fecha": "2017-03-16",
      "alumna": 15,
      "alumno": 20,
      "maestra": 3,
      "maestro": 1,
      "total_alumno": 35,
      "total_maestro": 4
   }
},
{
   "model": "escuela.escpoblacion",
   "pk": 5,
   "fields": {
      "escuela": 5,
      "fecha": "2017-03-21",
      "alumna": 15,
      "alumno": 13,
      "maestra": 15,
      "maestro": 17,
      "total_alumno": 28,
      "total_maestro": 32
   }
},
{
   "model": "escuela.escpoblacion",
   "pk": 6,
   "fields": {
      "escuela": 5,
      "fecha": "2017-03-21",
      "alumna": 13,
      "alumno": 17,
      "maestra": 21,
      "maestro": 20,
      "total_alumno": 30,
      "total_maestro": 41
   }
},
{
   "model": "escuela.escpoblacion",
   "pk": 21,
   "fields": {
      "escuela": 3,
      "fecha": "2017-03-21",
      "alumna": 9,
      "alumno": 8,
      "maestra": 7,
      "maestro": 6,
      "total_alumno": 17,
      "total_maestro": 13
   }
},
{
   "model": "escuela.escpoblacion",
   "pk": 22,
   "fields": {
      "escuela": 5,
      "fecha": "2017-04-20",
      "alumna": 0,
      "alumno": 0,
      "maestra": 0,
      "maestro": 0,
      "total_alumno": 0,
      "total_maestro": 0
   }
},
{
   "model": "escuela.escpoblacion",
   "pk": 23,
   "fields": {
      "escuela": 4,
      "fecha": "2017-03-20",
      "alumna": 0,
      "alumno": 0,
      "maestra": 0,
      "maestro": 0,
      "total_alumno": 0,
      "total_maestro": 0
   }
},
{
   "model": "escuela.escpoblacion",
   "pk": 24,
   "fields": {
      "escuela": 2,
      "fecha": "2017-09-05",
      "alumna": 0,
      "alumno": 0,
      "maestra": 0,
      "maestro": 0,
      "total_alumno": 0,
      "total_maestro": 0
   }
},
{
   "model": "escuela.escpoblacion",
   "pk": 25,
   "fields": {
      "escuela": 2,
      "fecha": "2017-09-05",
      "alumna": 0,
      "alumno": 0,
      "maestra": 0,
      "maestro": 0,
      "total_alumno": 0,
      "total_maestro": 0
   }
},
{
   "model": "escuela.escpoblacion",
   "pk": 26,
   "fields": {
      "escuela": 1,
      "fecha": "2017-10-16",
      "alumna": 0,
      "alumno": 0,
      "maestra": 0,
      "maestro": 0,
      "total_alumno": 0,
      "total_maestro": 0
   }
},
{
   "model": "escuela.escpoblacion",
   "pk": 27,
   "fields": {
      "escuela": 9,
      "fecha": "2017-09-28",
      "alumna": 11,
      "alumno": 140,
      "maestra": 8,
      "maestro": 6,
      "total_alumno": 151,
      "total_maestro": 14
   }
},
{
   "model": "escuela.escpoblacion",
   "pk": 28,
   "fields": {
      "escuela": 9,
      "fecha": "2017-10-16",
      "alumna": 111,
      "alumno": 140,
      "maestra": 8,
      "maestro": 6,
      "total_alumno": 251,
      "total_maestro": 14
   }
},
{
   "model": "escuela.escpoblacion",
   "pk": 29,
   "fields": {
      "escuela": 9,
      "fecha": "2017-10-16",
      "alumna": 10,
      "alumno": 10,
      "maestra": 2,
      "maestro": 5,
      "total_alumno": 20,
      "total_maestro": 5
   }
},
{
   "model": "escuela.escpoblacion",
   "pk": 30,
   "fields": {
      "escuela": 10,
      "fecha": "2017-10-19",
      "alumna": 10,
      "alumno": 15,
      "maestra": 5,
      "maestro": 2,
      "total_alumno": 25,
      "total_maestro": 7
   }
},
{
   "model": "escuela.escpoblacion",
   "pk": 31,
   "fields": {
      "escuela": 11,
      "fecha": "2017-10-19",
      "alumna": 50,
      "alumno": 45,
      "maestra": 5,
      "maestro": 5,
      "total_alumno": 95,
      "total_maestro": 10
   }
},
{
   "model": "escuela.escpoblacion",
   "pk": 32,
   "fields": {
      "escuela": 12,
      "fecha": "2017-10-19",
      "alumna": 60,
      "alumno": 74,
      "maestra": 11,
      "maestro": 1,
      "total_alumno": 134,
      "total_maestro": 12
   }
},
{
   "model": "escuela.escpoblacion",
   "pk": 33,
   "fields": {
      "escuela": 13,
      "fecha": "2017-10-19",
      "alumna": 125,
      "alumno": 149,
      "maestra": 7,
      "maestro": 3,
      "total_alumno": 274,
      "total_maestro": 10
   }
},
{
   "model": "escuela.escpoblacion",
   "pk": 34,
   "fields": {
      "escuela": 14,
      "fecha": "2017-10-19",
      "alumna": 214,
      "alumno": 221,
      "maestra": 11,
      "maestro": 4,
      "total_alumno": 435,
      "total_maestro": 15
   }
},
{
   "model": "escuela.escpoblacion",
   "pk": 35,
   "fields": {
      "escuela": 15,
      "fecha": "2017-10-19",
      "alumna": 198,
      "alumno": 222,
      "maestra": 11,
      "maestro": 0,
      "total_alumno": 420,
      "total_maestro": 11
   }
},
{
   "model": "escuela.escpoblacion",
   "pk": 36,
   "fields": {
      "escuela": 16,
      "fecha": "2017-10-19",
      "alumna": 340,
      "alumno": 350,
      "maestra": 10,
      "maestro": 10,
      "total_alumno": 530,
      "total_maestro": 20
   }
},
{
   "model": "escuela.escpoblacion",
   "pk": 37,
   "fields": {
      "escuela": 48,
      "fecha": "2017-10-23",
      "alumna": 25,
      "alumno": 35,
      "maestra": 7,
      "maestro": 8,
      "total_alumno": 60,
      "total_maestro": 15
   }
},
{
   "model": "kardex.equipo",
   "pk": 1,
   "fields": {
      "nombre": "Memoria"
   }
},
{
   "model": "kardex.equipo",
   "pk": 2,
   "fields": {
      "nombre": "Disco duro"
   }
},
{
   "model": "kardex.equipo",
   "pk": 3,
   "fields": {
      "nombre": "Mouse"
   }
},
{
   "model": "kardex.equipo",
   "pk": 4,
   "fields": {
      "nombre": "Monitor"
   }
},
{
   "model": "kardex.equipo",
   "pk": 5,
   "fields": {
      "nombre": "Memoria DDR"
   }
},
{
   "model": "kardex.equipo",
   "pk": 6,
   "fields": {
      "nombre": "Strech"
   }
},
{
   "model": "kardex.equipo",
   "pk": 7,
   "fields": {
      "nombre": "CD en blanco"
   }
},
{
   "model": "kardex.equipo",
   "pk": 8,
   "fields": {
      "nombre": "DVD en blanco"
   }
},
{
   "model": "kardex.equipo",
   "pk": 9,
   "fields": {
      "nombre": "CPU viejo"
   }
},
{
   "model": "kardex.equipo",
   "pk": 10,
   "fields": {
      "nombre": "CPU nuevo"
   }
},
{
   "model": "kardex.equipo",
   "pk": 11,
   "fields": {
      "nombre": "Switch"
   }
},
{
   "model": "kardex.tipoproveedor",
   "pk": 1,
   "fields": {
      "tipo": "Empresa"
   }
},
{
   "model": "kardex.tipoproveedor",
   "pk": 2,
   "fields": {
      "tipo": "Donante"
   }
},
{
   "model": "kardex.estadoequipo",
   "pk": 1,
   "fields": {
      "estado": "Nuevo"
   }
},
{
   "model": "kardex.estadoequipo",
   "pk": 2,
   "fields": {
      "estado": "Usado"
   }
},
{
   "model": "kardex.tiposalida",
   "pk": 1,
   "fields": {
      "tipo": "Uso de TPE"
   }
},
{
   "model": "kardex.tiposalida",
   "pk": 2,
   "fields": {
      "tipo": "Devoluci\u00f3n por garant\u00eda"
   }
},
{
   "model": "kardex.tiposalida",
   "pk": 3,
   "fields": {
      "tipo": "Desecho"
   }
},
{
   "model": "kardex.tipoentrada",
   "pk": 1,
   "fields": {
      "tipo": "Antiguo"
   }
},
{
   "model": "kardex.tipoentrada",
   "pk": 2,
   "fields": {
      "tipo": "Compra"
   }
},
{
   "model": "kardex.tipoentrada",
   "pk": 3,
   "fields": {
      "tipo": "Donaci\u00f3n"
   }
},
{
   "model": "kardex.tipoentrada",
   "pk": 4,
   "fields": {
      "tipo": "Devoluci\u00f3n"
   }
},
{
   "model": "kardex.tipoentrada",
   "pk": 5,
   "fields": {
      "tipo": "Fabricado"
   }
},
{
   "model": "kardex.tipoentrada",
   "pk": 6,
   "fields": {
      "tipo": "Garant\u00eda"
   }
},
{
   "model": "kardex.tipoentrada",
   "pk": 7,
   "fields": {
      "tipo": "Reparaci\u00f3n"
   }
},
{
   "model": "kardex.proveedor",
   "pk": 1,
   "fields": {
      "nombre": "COMNET",
      "tipo": 1,
      "direccion": "",
      "telefono": null
   }
},
{
   "model": "kardex.proveedor",
   "pk": 2,
   "fields": {
      "nombre": "ASDECO",
      "tipo": 1,
      "direccion": "",
      "telefono": null
   }
},
{
   "model": "kardex.proveedor",
   "pk": 3,
   "fields": {
      "nombre": "INTELAF",
      "tipo": 1,
      "direccion": "",
      "telefono": null
   }
},
{
   "model": "kardex.proveedor",
   "pk": 4,
   "fields": {
      "nombre": "Salvador Paiz",
      "tipo": 2,
      "direccion": "",
      "telefono": null
   }
},
{
   "model": "kardex.entrada",
   "pk": 1,
   "fields": {
      "estado": 1,
      "proveedor": 1,
      "tipo": 2,
      "fecha": "2017-08-16",
      "factura": null,
      "observacion": "",
      "terminada": true
   }
},
{
   "model": "kardex.entrada",
   "pk": 2,
   "fields": {
      "estado": 1,
      "proveedor": 3,
      "tipo": 2,
      "fecha": "2017-08-16",
      "factura": 300,
      "observacion": "asd",
      "terminada": true
   }
},
{
   "model": "kardex.entrada",
   "pk": 3,
   "fields": {
      "estado": 1,
      "proveedor": 2,
      "tipo": 5,
      "fecha": "2017-09-13",
      "factura": null,
      "observacion": "Nos lo regalaron :)\r\n\r\n(Pero igual pagamos)",
      "terminada": true
   }
},
{
   "model": "kardex.entrada",
   "pk": 4,
   "fields": {
      "estado": 1,
      "proveedor": 2,
      "tipo": 2,
      "fecha": "2017-09-15",
      "factura": 111,
      "observacion": "Es nuevo",
      "terminada": true
   }
},
{
   "model": "kardex.entrada",
   "pk": 5,
   "fields": {
      "estado": 1,
      "proveedor": 1,
      "tipo": 2,
      "fecha": "2017-09-06",
      "factura": 123,
      "observacion": "Hola :9",
      "terminada": true
   }
},
{
   "model": "kardex.entrada",
   "pk": 6,
   "fields": {
      "estado": 1,
      "proveedor": 3,
      "tipo": 2,
      "fecha": "2017-09-22",
      "factura": 123,
      "observacion": "Hola :D",
      "terminada": false
   }
},
{
   "model": "kardex.entrada",
   "pk": 7,
   "fields": {
      "estado": 1,
      "proveedor": 4,
      "tipo": 3,
      "fecha": "2017-09-14",
      "factura": 50,
      "observacion": "",
      "terminada": false
   }
},
{
   "model": "kardex.entrada",
   "pk": 8,
   "fields": {
      "estado": 1,
      "proveedor": 2,
      "tipo": 2,
      "fecha": "2017-09-20",
      "factura": 1200,
      "observacion": "Es el equipo de hoy",
      "terminada": true
   }
},
{
   "model": "kardex.entrada",
   "pk": 9,
   "fields": {
      "estado": 1,
      "proveedor": 3,
      "tipo": 2,
      "fecha": "2017-09-20",
      "factura": 1200,
      "observacion": "es una prueba",
      "terminada": false
   }
},
{
   "model": "kardex.entrada",
   "pk": 10,
   "fields": {
      "estado": 1,
      "proveedor": 1,
      "tipo": 2,
      "fecha": "2017-10-18",
      "factura": 123145,
      "observacion": "Estos para las entregas de EORM, PUEBLO NUEVO VI\u00d1AS SANTA ROSA\r\nEsuela Privada de P\u00e1rvulos Sociedad Protectora Del Ni\u00f1o Casa # 2\r\nEsuela Privada de P\u00e1rvulos Sociedad Protectora Del Ni\u00f1o Casa # 4\r\nEsuela Privada de P\u00e1rvulos Sociedad Protectora Del Ni\u00f1o Casa # 5",
      "terminada": false
   }
},
{
   "model": "kardex.entradadetalle",
   "pk": 1,
   "fields": {
      "entrada": 2,
      "equipo": 3,
      "cantidad": 2,
      "precio": "120.00"
   }
},
{
   "model": "kardex.entradadetalle",
   "pk": 2,
   "fields": {
      "entrada": 2,
      "equipo": 4,
      "cantidad": 2,
      "precio": "12.00"
   }
},
{
   "model": "kardex.entradadetalle",
   "pk": 3,
   "fields": {
      "entrada": 3,
      "equipo": 2,
      "cantidad": 2,
      "precio": "15.00"
   }
},
{
   "model": "kardex.entradadetalle",
   "pk": 4,
   "fields": {
      "entrada": 3,
      "equipo": 4,
      "cantidad": 2,
      "precio": "0.00"
   }
},
{
   "model": "kardex.entradadetalle",
   "pk": 5,
   "fields": {
      "entrada": 3,
      "equipo": 1,
      "cantidad": 1,
      "precio": "0.00"
   }
},
{
   "model": "kardex.entradadetalle",
   "pk": 7,
   "fields": {
      "entrada": 5,
      "equipo": 1,
      "cantidad": 1,
      "precio": "0.00"
   }
},
{
   "model": "kardex.entradadetalle",
   "pk": 8,
   "fields": {
      "entrada": 4,
      "equipo": 2,
      "cantidad": 1,
      "precio": "20.00"
   }
},
{
   "model": "kardex.entradadetalle",
   "pk": 9,
   "fields": {
      "entrada": 6,
      "equipo": 3,
      "cantidad": 50,
      "precio": "0.00"
   }
},
{
   "model": "kardex.entradadetalle",
   "pk": 10,
   "fields": {
      "entrada": 8,
      "equipo": 1,
      "cantidad": 1,
      "precio": "20.00"
   }
},
{
   "model": "kardex.entradadetalle",
   "pk": 11,
   "fields": {
      "entrada": 8,
      "equipo": 3,
      "cantidad": 3,
      "precio": "30.00"
   }
},
{
   "model": "kardex.entradadetalle",
   "pk": 12,
   "fields": {
      "entrada": 4,
      "equipo": 4,
      "cantidad": 3,
      "precio": "150.00"
   }
},
{
   "model": "kardex.entradadetalle",
   "pk": 13,
   "fields": {
      "entrada": 4,
      "equipo": 3,
      "cantidad": 10,
      "precio": "80.00"
   }
},
{
   "model": "kardex.salida",
   "pk": 1,
   "fields": {
      "tecnico": 2,
      "fecha": "2017-09-06",
      "tipo": 1,
      "observacion": "Esta es una prueba",
      "terminada": true
   }
},
{
   "model": "kardex.salida",
   "pk": 2,
   "fields": {
      "tecnico": 4,
      "fecha": "2017-09-21",
      "tipo": 3,
      "observacion": "ya no sirve y se va a tirar",
      "terminada": true
   }
},
{
   "model": "kardex.salida",
   "pk": 3,
   "fields": {
      "tecnico": 1,
      "fecha": "2017-09-06",
      "tipo": 1,
      "observacion": "Para monitores",
      "terminada": true
   }
},
{
   "model": "kardex.salida",
   "pk": 4,
   "fields": {
      "tecnico": 1,
      "fecha": "2017-09-14",
      "tipo": 1,
      "observacion": "",
      "terminada": false
   }
},
{
   "model": "kardex.salida",
   "pk": 5,
   "fields": {
      "tecnico": 5,
      "fecha": "2017-09-20",
      "tipo": 1,
      "observacion": "Es para TPE",
      "terminada": true
   }
},
{
   "model": "kardex.salida",
   "pk": 6,
   "fields": {
      "tecnico": 1,
      "fecha": "2017-09-28",
      "tipo": 1,
      "observacion": "El equipo para la entrega 2000",
      "terminada": true
   }
},
{
   "model": "kardex.salida",
   "pk": 7,
   "fields": {
      "tecnico": 4,
      "fecha": "2017-09-20",
      "tipo": 1,
      "observacion": "Hola hola :D",
      "terminada": false
   }
},
{
   "model": "kardex.salida",
   "pk": 8,
   "fields": {
      "tecnico": 3,
      "fecha": "2017-09-06",
      "tipo": 1,
      "observacion": "",
      "terminada": false
   }
},
{
   "model": "kardex.salida",
   "pk": 9,
   "fields": {
      "tecnico": 4,
      "fecha": "2017-09-06",
      "tipo": 1,
      "observacion": "",
      "terminada": false
   }
},
{
   "model": "kardex.salida",
   "pk": 10,
   "fields": {
      "tecnico": 3,
      "fecha": "2017-09-13",
      "tipo": 2,
      "observacion": "asd",
      "terminada": false
   }
},
{
   "model": "kardex.salidadetalle",
   "pk": 1,
   "fields": {
      "salida": 1,
      "equipo": 1,
      "cantidad": 1
   }
},
{
   "model": "kardex.salidadetalle",
   "pk": 2,
   "fields": {
      "salida": 1,
      "equipo": 2,
      "cantidad": 2
   }
},
{
   "model": "kardex.salidadetalle",
   "pk": 3,
   "fields": {
      "salida": 2,
      "equipo": 2,
      "cantidad": 2
   }
},
{
   "model": "kardex.salidadetalle",
   "pk": 4,
   "fields": {
      "salida": 2,
      "equipo": 3,
      "cantidad": 4
   }
},
{
   "model": "kardex.salidadetalle",
   "pk": 5,
   "fields": {
      "salida": 3,
      "equipo": 1,
      "cantidad": 2
   }
},
{
   "model": "kardex.salidadetalle",
   "pk": 6,
   "fields": {
      "salida": 3,
      "equipo": 2,
      "cantidad": 1
   }
},
{
   "model": "kardex.salidadetalle",
   "pk": 7,
   "fields": {
      "salida": 3,
      "equipo": 3,
      "cantidad": 4
   }
},
{
   "model": "kardex.salidadetalle",
   "pk": 8,
   "fields": {
      "salida": 4,
      "equipo": 1,
      "cantidad": 2
   }
},
{
   "model": "kardex.salidadetalle",
   "pk": 9,
   "fields": {
      "salida": 5,
      "equipo": 1,
      "cantidad": 1
   }
},
{
   "model": "kardex.salidadetalle",
   "pk": 10,
   "fields": {
      "salida": 5,
      "equipo": 2,
      "cantidad": 2
   }
},
{
   "model": "kardex.salidadetalle",
   "pk": 11,
   "fields": {
      "salida": 5,
      "equipo": 4,
      "cantidad": 3
   }
},
{
   "model": "kardex.salidadetalle",
   "pk": 12,
   "fields": {
      "salida": 6,
      "equipo": 1,
      "cantidad": 2
   }
},
{
   "model": "kardex.salidadetalle",
   "pk": 13,
   "fields": {
      "salida": 6,
      "equipo": 2,
      "cantidad": 5
   }
},
{
   "model": "cyd.curso",
   "pk": 1,
   "fields": {
      "nombre": "Tecnolog\u00eda b\u00e1sica (r)",
      "nota_aprobacion": 75,
      "porcentaje": 60
   }
},
{
   "model": "cyd.curso",
   "pk": 2,
   "fields": {
      "nombre": "Francisco (r)",
      "nota_aprobacion": 75,
      "porcentaje": 40
   }
},
{
   "model": "cyd.curso",
   "pk": 3,
   "fields": {
      "nombre": "Tecnolog\u00eda b\u00e1sica",
      "nota_aprobacion": 75,
      "porcentaje": null
   }
},
{
   "model": "cyd.curso",
   "pk": 4,
   "fields": {
      "nombre": "Francisco",
      "nota_aprobacion": 75,
      "porcentaje": null
   }
},
{
   "model": "cyd.crasistencia",
   "pk": 1,
   "fields": {
      "curso": 1,
      "modulo_num": 1,
      "punteo_max": 10
   }
},
{
   "model": "cyd.crasistencia",
   "pk": 2,
   "fields": {
      "curso": 1,
      "modulo_num": 2,
      "punteo_max": 10
   }
},
{
   "model": "cyd.crasistencia",
   "pk": 3,
   "fields": {
      "curso": 1,
      "modulo_num": 3,
      "punteo_max": 10
   }
},
{
   "model": "cyd.crasistencia",
   "pk": 4,
   "fields": {
      "curso": 1,
      "modulo_num": 4,
      "punteo_max": 20
   }
},
{
   "model": "cyd.crasistencia",
   "pk": 5,
   "fields": {
      "curso": 2,
      "modulo_num": 1,
      "punteo_max": 20
   }
},
{
   "model": "cyd.crasistencia",
   "pk": 6,
   "fields": {
      "curso": 2,
      "modulo_num": 2,
      "punteo_max": 20
   }
},
{
   "model": "cyd.crasistencia",
   "pk": 7,
   "fields": {
      "curso": 2,
      "modulo_num": 3,
      "punteo_max": 20
   }
},
{
   "model": "cyd.crasistencia",
   "pk": 8,
   "fields": {
      "curso": 3,
      "modulo_num": 1,
      "punteo_max": 15
   }
},
{
   "model": "cyd.crasistencia",
   "pk": 9,
   "fields": {
      "curso": 3,
      "modulo_num": 2,
      "punteo_max": 15
   }
},
{
   "model": "cyd.crasistencia",
   "pk": 10,
   "fields": {
      "curso": 3,
      "modulo_num": 3,
      "punteo_max": 15
   }
},
{
   "model": "cyd.crasistencia",
   "pk": 11,
   "fields": {
      "curso": 4,
      "modulo_num": 1,
      "punteo_max": 20
   }
},
{
   "model": "cyd.crasistencia",
   "pk": 12,
   "fields": {
      "curso": 4,
      "modulo_num": 2,
      "punteo_max": 20
   }
},
{
   "model": "cyd.crhito",
   "pk": 1,
   "fields": {
      "curso": 1,
      "nombre": "Examen",
      "punteo_max": 30
   }
},
{
   "model": "cyd.crhito",
   "pk": 2,
   "fields": {
      "curso": 1,
      "nombre": "Tarea",
      "punteo_max": 20
   }
},
{
   "model": "cyd.crhito",
   "pk": 3,
   "fields": {
      "curso": 2,
      "nombre": "Ejercicio",
      "punteo_max": 20
   }
},
{
   "model": "cyd.crhito",
   "pk": 4,
   "fields": {
      "curso": 2,
      "nombre": "Tarea",
      "punteo_max": 20
   }
},
{
   "model": "cyd.crhito",
   "pk": 5,
   "fields": {
      "curso": 3,
      "nombre": "Tarea",
      "punteo_max": 25
   }
},
{
   "model": "cyd.crhito",
   "pk": 6,
   "fields": {
      "curso": 3,
      "nombre": "Examen",
      "punteo_max": 30
   }
},
{
   "model": "cyd.crhito",
   "pk": 7,
   "fields": {
      "curso": 4,
      "nombre": "Tarea",
      "punteo_max": 30
   }
},
{
   "model": "cyd.crhito",
   "pk": 8,
   "fields": {
      "curso": 4,
      "nombre": "Examen",
      "punteo_max": 30
   }
},
{
   "model": "cyd.sede",
   "pk": 1,
   "fields": {
      "nombre": "Sede prueba",
      "capacitador": 1,
      "municipio": 102,
      "direccion": "Mi casa",
      "observacion": "Esta es una prueba",
      "mapa": 6
   }
},
{
   "model": "cyd.sede",
   "pk": 2,
   "fields": {
      "nombre": "Sede de Mary",
      "capacitador": 4,
      "municipio": 301,
      "direccion": "Este municipio",
      "observacion": "Esta charada se siente extra\u00f1a...",
      "mapa": 7
   }
},
{
   "model": "cyd.sede",
   "pk": 3,
   "fields": {
      "nombre": "Otra escuela",
      "capacitador": 1,
      "municipio": 302,
      "direccion": "Donde sea que quede",
      "observacion": "",
      "mapa": 8
   }
},
{
   "model": "cyd.sede",
   "pk": 4,
   "fields": {
      "nombre": "palencia",
      "capacitador": 4,
      "municipio": 101,
      "direccion": "palencia",
      "observacion": "",
      "mapa": 9
   }
},
{
   "model": "cyd.sede",
   "pk": 5,
   "fields": {
      "nombre": "Tercer sede",
      "capacitador": 1,
      "municipio": 2211,
      "direccion": "La calle aquella",
      "observacion": "",
      "mapa": 10
   }
},
{
   "model": "cyd.asesoria",
   "pk": 2,
   "fields": {
      "sede": 1,
      "fecha": "2017-07-19",
      "hora_inicio": "11:00:00",
      "hora_fin": "12:00:00",
      "observacion": "fdsfsdfsdfsfdsfsfdsfds"
   }
},
{
   "model": "cyd.asesoria",
   "pk": 3,
   "fields": {
      "sede": 1,
      "fecha": "2017-07-11",
      "hora_inicio": "12:00:00",
      "hora_fin": "13:00:00",
      "observacion": ""
   }
},
{
   "model": "cyd.asesoria",
   "pk": 4,
   "fields": {
      "sede": 1,
      "fecha": "2017-07-04",
      "hora_inicio": "09:00:00",
      "hora_fin": "10:00:00",
      "observacion": ""
   }
},
{
   "model": "cyd.asesoria",
   "pk": 5,
   "fields": {
      "sede": 2,
      "fecha": "2017-07-20",
      "hora_inicio": "10:00:00",
      "hora_fin": "12:00:00",
      "observacion": "asdasd"
   }
},
{
   "model": "cyd.asesoria",
   "pk": 6,
   "fields": {
      "sede": 2,
      "fecha": "2017-07-05",
      "hora_inicio": "10:00:00",
      "hora_fin": "11:00:00",
      "observacion": "ghfdgdfgdf"
   }
},
{
   "model": "cyd.asesoria",
   "pk": 7,
   "fields": {
      "sede": 1,
      "fecha": "2017-08-10",
      "hora_inicio": "08:00:00",
      "hora_fin": "09:30:00",
      "observacion": "dsafsdfsdfsdfsd"
   }
},
{
   "model": "cyd.asesoria",
   "pk": 9,
   "fields": {
      "sede": 3,
      "fecha": "2017-08-09",
      "hora_inicio": "10:00:00",
      "hora_fin": "12:00:00",
      "observacion": "Ayuda a maestros"
   }
},
{
   "model": "cyd.asesoria",
   "pk": 10,
   "fields": {
      "sede": 3,
      "fecha": "2017-08-22",
      "hora_inicio": "08:00:00",
      "hora_fin": "12:00:00",
      "observacion": "Cerrado por feria"
   }
},
{
   "model": "cyd.grupo",
   "pk": 4,
   "fields": {
      "sede": 1,
      "numero": 3,
      "curso": 1,
      "comentario": "Esta es una prueba"
   }
},
{
   "model": "cyd.grupo",
   "pk": 5,
   "fields": {
      "sede": 2,
      "numero": 1,
      "curso": 1,
      "comentario": "Esta es una prueba"
   }
},
{
   "model": "cyd.grupo",
   "pk": 6,
   "fields": {
      "sede": 2,
      "numero": 2,
      "curso": 1,
      "comentario": ""
   }
},
{
   "model": "cyd.grupo",
   "pk": 7,
   "fields": {
      "sede": 2,
      "numero": 3,
      "curso": 1,
      "comentario": ""
   }
},
{
   "model": "cyd.grupo",
   "pk": 8,
   "fields": {
      "sede": 1,
      "numero": 2,
      "curso": 1,
      "comentario": "Grupo de prueba"
   }
},
{
   "model": "cyd.grupo",
   "pk": 9,
   "fields": {
      "sede": 1,
      "numero": 4,
      "curso": 1,
      "comentario": ""
   }
},
{
   "model": "cyd.grupo",
   "pk": 10,
   "fields": {
      "sede": 1,
      "numero": 1,
      "curso": 1,
      "comentario": ""
   }
},
{
   "model": "cyd.grupo",
   "pk": 11,
   "fields": {
      "sede": 3,
      "numero": 1,
      "curso": 1,
      "comentario": "Grupo de la escuela beneficiada"
   }
},
{
   "model": "cyd.grupo",
   "pk": 12,
   "fields": {
      "sede": 4,
      "numero": 1,
      "curso": 1,
      "comentario": ""
   }
},
{
   "model": "cyd.grupo",
   "pk": 13,
   "fields": {
      "sede": 1,
      "numero": 1,
      "curso": 2,
      "comentario": ""
   }
},
{
   "model": "cyd.grupo",
   "pk": 14,
   "fields": {
      "sede": 3,
      "numero": 1,
      "curso": 3,
      "comentario": ""
   }
},
{
   "model": "cyd.grupo",
   "pk": 15,
   "fields": {
      "sede": 3,
      "numero": 1,
      "curso": 4,
      "comentario": ""
   }
},
{
   "model": "cyd.grupo",
   "pk": 16,
   "fields": {
      "sede": 3,
      "numero": 1,
      "curso": 2,
      "comentario": ""
   }
},
{
   "model": "cyd.grupo",
   "pk": 17,
   "fields": {
      "sede": 5,
      "numero": 2,
      "curso": 3,
      "comentario": ""
   }
},
{
   "model": "cyd.calendario",
   "pk": 1,
   "fields": {
      "cr_asistencia": 1,
      "grupo": 4,
      "fecha": "2017-06-12",
      "hora_inicio": "00:00:00",
      "hora_fin": "01:30:00",
      "observacion": ""
   }
},
{
   "model": "cyd.calendario",
   "pk": 2,
   "fields": {
      "cr_asistencia": 2,
      "grupo": 4,
      "fecha": "2017-06-22",
      "hora_inicio": "00:00:00",
      "hora_fin": "01:30:00",
      "observacion": ""
   }
},
{
   "model": "cyd.calendario",
   "pk": 3,
   "fields": {
      "cr_asistencia": 3,
      "grupo": 4,
      "fecha": "2017-06-14",
      "hora_inicio": "00:00:00",
      "hora_fin": "01:30:00",
      "observacion": ""
   }
},
{
   "model": "cyd.calendario",
   "pk": 4,
   "fields": {
      "cr_asistencia": 4,
      "grupo": 4,
      "fecha": "2017-06-27",
      "hora_inicio": "01:00:00",
      "hora_fin": "01:30:00",
      "observacion": null
   }
},
{
   "model": "cyd.calendario",
   "pk": 5,
   "fields": {
      "cr_asistencia": 1,
      "grupo": 5,
      "fecha": "2017-06-07",
      "hora_inicio": "07:30:00",
      "hora_fin": "09:30:00",
      "observacion": null
   }
},
{
   "model": "cyd.calendario",
   "pk": 6,
   "fields": {
      "cr_asistencia": 2,
      "grupo": 5,
      "fecha": "2017-06-13",
      "hora_inicio": "08:00:00",
      "hora_fin": "13:30:00",
      "observacion": null
   }
},
{
   "model": "cyd.calendario",
   "pk": 7,
   "fields": {
      "cr_asistencia": 3,
      "grupo": 5,
      "fecha": null,
      "hora_inicio": "09:00:00",
      "hora_fin": "10:30:00",
      "observacion": null
   }
},
{
   "model": "cyd.calendario",
   "pk": 8,
   "fields": {
      "cr_asistencia": 4,
      "grupo": 5,
      "fecha": null,
      "hora_inicio": null,
      "hora_fin": null,
      "observacion": null
   }
},
{
   "model": "cyd.calendario",
   "pk": 9,
   "fields": {
      "cr_asistencia": 1,
      "grupo": 6,
      "fecha": null,
      "hora_inicio": null,
      "hora_fin": null,
      "observacion": null
   }
},
{
   "model": "cyd.calendario",
   "pk": 10,
   "fields": {
      "cr_asistencia": 2,
      "grupo": 6,
      "fecha": null,
      "hora_inicio": null,
      "hora_fin": null,
      "observacion": null
   }
},
{
   "model": "cyd.calendario",
   "pk": 11,
   "fields": {
      "cr_asistencia": 3,
      "grupo": 6,
      "fecha": null,
      "hora_inicio": null,
      "hora_fin": null,
      "observacion": null
   }
},
{
   "model": "cyd.calendario",
   "pk": 12,
   "fields": {
      "cr_asistencia": 4,
      "grupo": 6,
      "fecha": null,
      "hora_inicio": null,
      "hora_fin": null,
      "observacion": null
   }
},
{
   "model": "cyd.calendario",
   "pk": 13,
   "fields": {
      "cr_asistencia": 1,
      "grupo": 7,
      "fecha": null,
      "hora_inicio": null,
      "hora_fin": null,
      "observacion": null
   }
},
{
   "model": "cyd.calendario",
   "pk": 14,
   "fields": {
      "cr_asistencia": 2,
      "grupo": 7,
      "fecha": null,
      "hora_inicio": null,
      "hora_fin": null,
      "observacion": null
   }
},
{
   "model": "cyd.calendario",
   "pk": 15,
   "fields": {
      "cr_asistencia": 3,
      "grupo": 7,
      "fecha": null,
      "hora_inicio": null,
      "hora_fin": null,
      "observacion": null
   }
},
{
   "model": "cyd.calendario",
   "pk": 16,
   "fields": {
      "cr_asistencia": 4,
      "grupo": 7,
      "fecha": null,
      "hora_inicio": null,
      "hora_fin": null,
      "observacion": null
   }
},
{
   "model": "cyd.calendario",
   "pk": 17,
   "fields": {
      "cr_asistencia": 1,
      "grupo": 8,
      "fecha": "2017-09-04",
      "hora_inicio": "10:00:00",
      "hora_fin": "11:30:00",
      "observacion": null
   }
},
{
   "model": "cyd.calendario",
   "pk": 18,
   "fields": {
      "cr_asistencia": 2,
      "grupo": 8,
      "fecha": "2017-09-12",
      "hora_inicio": "00:00:00",
      "hora_fin": "01:30:00",
      "observacion": null
   }
},
{
   "model": "cyd.calendario",
   "pk": 19,
   "fields": {
      "cr_asistencia": 3,
      "grupo": 8,
      "fecha": null,
      "hora_inicio": null,
      "hora_fin": null,
      "observacion": null
   }
},
{
   "model": "cyd.calendario",
   "pk": 20,
   "fields": {
      "cr_asistencia": 4,
      "grupo": 8,
      "fecha": null,
      "hora_inicio": null,
      "hora_fin": null,
      "observacion": null
   }
},
{
   "model": "cyd.calendario",
   "pk": 21,
   "fields": {
      "cr_asistencia": 1,
      "grupo": 9,
      "fecha": null,
      "hora_inicio": null,
      "hora_fin": null,
      "observacion": null
   }
},
{
   "model": "cyd.calendario",
   "pk": 22,
   "fields": {
      "cr_asistencia": 2,
      "grupo": 9,
      "fecha": null,
      "hora_inicio": null,
      "hora_fin": null,
      "observacion": null
   }
},
{
   "model": "cyd.calendario",
   "pk": 23,
   "fields": {
      "cr_asistencia": 3,
      "grupo": 9,
      "fecha": null,
      "hora_inicio": null,
      "hora_fin": null,
      "observacion": null
   }
},
{
   "model": "cyd.calendario",
   "pk": 24,
   "fields": {
      "cr_asistencia": 4,
      "grupo": 9,
      "fecha": null,
      "hora_inicio": null,
      "hora_fin": null,
      "observacion": null
   }
},
{
   "model": "cyd.calendario",
   "pk": 25,
   "fields": {
      "cr_asistencia": 1,
      "grupo": 10,
      "fecha": "2017-08-14",
      "hora_inicio": "00:00:00",
      "hora_fin": "01:30:00",
      "observacion": null
   }
},
{
   "model": "cyd.calendario",
   "pk": 26,
   "fields": {
      "cr_asistencia": 2,
      "grupo": 10,
      "fecha": "2017-08-03",
      "hora_inicio": "00:00:00",
      "hora_fin": "01:30:00",
      "observacion": null
   }
},
{
   "model": "cyd.calendario",
   "pk": 27,
   "fields": {
      "cr_asistencia": 3,
      "grupo": 10,
      "fecha": "2017-08-01",
      "hora_inicio": "07:30:00",
      "hora_fin": "09:00:00",
      "observacion": null
   }
},
{
   "model": "cyd.calendario",
   "pk": 28,
   "fields": {
      "cr_asistencia": 4,
      "grupo": 10,
      "fecha": "2017-08-07",
      "hora_inicio": "00:00:00",
      "hora_fin": "01:30:00",
      "observacion": null
   }
},
{
   "model": "cyd.calendario",
   "pk": 29,
   "fields": {
      "cr_asistencia": 1,
      "grupo": 11,
      "fecha": "2017-06-12",
      "hora_inicio": "00:00:00",
      "hora_fin": "01:30:00",
      "observacion": null
   }
},
{
   "model": "cyd.calendario",
   "pk": 30,
   "fields": {
      "cr_asistencia": 2,
      "grupo": 11,
      "fecha": "2017-07-04",
      "hora_inicio": "00:00:00",
      "hora_fin": "01:30:00",
      "observacion": null
   }
},
{
   "model": "cyd.calendario",
   "pk": 31,
   "fields": {
      "cr_asistencia": 3,
      "grupo": 11,
      "fecha": "2017-08-24",
      "hora_inicio": "00:00:00",
      "hora_fin": "01:30:00",
      "observacion": null
   }
},
{
   "model": "cyd.calendario",
   "pk": 32,
   "fields": {
      "cr_asistencia": 4,
      "grupo": 11,
      "fecha": "2017-06-23",
      "hora_inicio": "00:00:00",
      "hora_fin": "01:30:00",
      "observacion": null
   }
},
{
   "model": "cyd.calendario",
   "pk": 33,
   "fields": {
      "cr_asistencia": 1,
      "grupo": 12,
      "fecha": "2017-08-14",
      "hora_inicio": "07:00:00",
      "hora_fin": "12:30:00",
      "observacion": null
   }
},
{
   "model": "cyd.calendario",
   "pk": 34,
   "fields": {
      "cr_asistencia": 2,
      "grupo": 12,
      "fecha": "2017-08-21",
      "hora_inicio": "00:00:00",
      "hora_fin": "01:30:00",
      "observacion": null
   }
},
{
   "model": "cyd.calendario",
   "pk": 35,
   "fields": {
      "cr_asistencia": 3,
      "grupo": 12,
      "fecha": "2017-08-28",
      "hora_inicio": "00:00:00",
      "hora_fin": "01:30:00",
      "observacion": null
   }
},
{
   "model": "cyd.calendario",
   "pk": 36,
   "fields": {
      "cr_asistencia": 4,
      "grupo": 12,
      "fecha": "2017-09-04",
      "hora_inicio": "00:00:00",
      "hora_fin": "01:30:00",
      "observacion": null
   }
},
{
   "model": "cyd.calendario",
   "pk": 37,
   "fields": {
      "cr_asistencia": 5,
      "grupo": 13,
      "fecha": null,
      "hora_inicio": null,
      "hora_fin": null,
      "observacion": null
   }
},
{
   "model": "cyd.calendario",
   "pk": 38,
   "fields": {
      "cr_asistencia": 6,
      "grupo": 13,
      "fecha": null,
      "hora_inicio": null,
      "hora_fin": null,
      "observacion": null
   }
},
{
   "model": "cyd.calendario",
   "pk": 39,
   "fields": {
      "cr_asistencia": 7,
      "grupo": 13,
      "fecha": null,
      "hora_inicio": null,
      "hora_fin": null,
      "observacion": null
   }
},
{
   "model": "cyd.calendario",
   "pk": 40,
   "fields": {
      "cr_asistencia": 8,
      "grupo": 14,
      "fecha": null,
      "hora_inicio": null,
      "hora_fin": null,
      "observacion": null
   }
},
{
   "model": "cyd.calendario",
   "pk": 41,
   "fields": {
      "cr_asistencia": 9,
      "grupo": 14,
      "fecha": null,
      "hora_inicio": null,
      "hora_fin": null,
      "observacion": null
   }
},
{
   "model": "cyd.calendario",
   "pk": 42,
   "fields": {
      "cr_asistencia": 10,
      "grupo": 14,
      "fecha": null,
      "hora_inicio": null,
      "hora_fin": null,
      "observacion": null
   }
},
{
   "model": "cyd.calendario",
   "pk": 43,
   "fields": {
      "cr_asistencia": 11,
      "grupo": 15,
      "fecha": null,
      "hora_inicio": null,
      "hora_fin": null,
      "observacion": null
   }
},
{
   "model": "cyd.calendario",
   "pk": 44,
   "fields": {
      "cr_asistencia": 12,
      "grupo": 15,
      "fecha": null,
      "hora_inicio": null,
      "hora_fin": null,
      "observacion": null
   }
},
{
   "model": "cyd.calendario",
   "pk": 45,
   "fields": {
      "cr_asistencia": 5,
      "grupo": 16,
      "fecha": null,
      "hora_inicio": null,
      "hora_fin": null,
      "observacion": null
   }
},
{
   "model": "cyd.calendario",
   "pk": 46,
   "fields": {
      "cr_asistencia": 6,
      "grupo": 16,
      "fecha": null,
      "hora_inicio": null,
      "hora_fin": null,
      "observacion": null
   }
},
{
   "model": "cyd.calendario",
   "pk": 47,
   "fields": {
      "cr_asistencia": 7,
      "grupo": 16,
      "fecha": null,
      "hora_inicio": null,
      "hora_fin": null,
      "observacion": null
   }
},
{
   "model": "cyd.calendario",
   "pk": 48,
   "fields": {
      "cr_asistencia": 8,
      "grupo": 17,
      "fecha": null,
      "hora_inicio": null,
      "hora_fin": null,
      "observacion": null
   }
},
{
   "model": "cyd.calendario",
   "pk": 49,
   "fields": {
      "cr_asistencia": 9,
      "grupo": 17,
      "fecha": null,
      "hora_inicio": null,
      "hora_fin": null,
      "observacion": null
   }
},
{
   "model": "cyd.calendario",
   "pk": 50,
   "fields": {
      "cr_asistencia": 10,
      "grupo": 17,
      "fecha": null,
      "hora_inicio": null,
      "hora_fin": null,
      "observacion": null
   }
},
{
   "model": "cyd.parrol",
   "pk": 1,
   "fields": {
      "nombre": "Maestro"
   }
},
{
   "model": "cyd.parrol",
   "pk": 2,
   "fields": {
      "nombre": "Director"
   }
},
{
   "model": "cyd.pargenero",
   "pk": 1,
   "fields": {
      "genero": "Hombre"
   }
},
{
   "model": "cyd.pargenero",
   "pk": 2,
   "fields": {
      "genero": "Mujer"
   }
},
{
   "model": "cyd.participante",
   "pk": 1,
   "fields": {
      "dpi": "123456",
      "nombre": "Jorge",
      "apellido": "P\u00e9rez",
      "genero": 1,
      "rol": 1,
      "escuela": 1,
      "direccion": "",
      "mail": "",
      "tel_casa": "",
      "tel_movil": "",
      "fecha_nac": null,
      "avatar": "",
      "etnia": null,
      "escolaridad": null,
      "slug": "123456"
   }
},
{
   "model": "cyd.participante",
   "pk": 2,
   "fields": {
      "dpi": "321654",
      "nombre": "Mar\u00eda",
      "apellido": "L\u00f3pez",
      "genero": 2,
      "rol": 1,
      "escuela": 3,
      "direccion": "",
      "mail": "",
      "tel_casa": "",
      "tel_movil": "",
      "fecha_nac": null,
      "avatar": "",
      "etnia": null,
      "escolaridad": null,
      "slug": "321654"
   }
},
{
   "model": "cyd.participante",
   "pk": 3,
   "fields": {
      "dpi": "123654",
      "nombre": "Carlos",
      "apellido": "Castillo",
      "genero": 2,
      "rol": 1,
      "escuela": 6,
      "direccion": "",
      "mail": "",
      "tel_casa": "",
      "tel_movil": "",
      "fecha_nac": null,
      "avatar": "",
      "etnia": null,
      "escolaridad": null,
      "slug": "123654"
   }
},
{
   "model": "cyd.participante",
   "pk": 4,
   "fields": {
      "dpi": "741258",
      "nombre": "Fredy",
      "apellido": "Perez",
      "genero": 1,
      "rol": 1,
      "escuela": 4,
      "direccion": "",
      "mail": "",
      "tel_casa": "",
      "tel_movil": "",
      "fecha_nac": null,
      "avatar": "",
      "etnia": null,
      "escolaridad": null,
      "slug": "741258"
   }
},
{
   "model": "cyd.participante",
   "pk": 5,
   "fields": {
      "dpi": "963258",
      "nombre": "Jorge",
      "apellido": "Garc\u00eda",
      "genero": 2,
      "rol": 1,
      "escuela": 7,
      "direccion": "",
      "mail": "",
      "tel_casa": "",
      "tel_movil": "",
      "fecha_nac": null,
      "avatar": "",
      "etnia": null,
      "escolaridad": null,
      "slug": "963258"
   }
},
{
   "model": "cyd.participante",
   "pk": 6,
   "fields": {
      "dpi": "2213457",
      "nombre": "Juanito",
      "apellido": "perez",
      "genero": 1,
      "rol": 1,
      "escuela": 1,
      "direccion": "",
      "mail": "",
      "tel_casa": "",
      "tel_movil": "",
      "fecha_nac": null,
      "avatar": "",
      "etnia": null,
      "escolaridad": null,
      "slug": "2213457"
   }
},
{
   "model": "cyd.participante",
   "pk": 7,
   "fields": {
      "dpi": "2261485120101",
      "nombre": "Gonzalo",
      "apellido": "Gonzales",
      "genero": 2,
      "rol": 1,
      "escuela": 4,
      "direccion": "",
      "mail": "",
      "tel_casa": "",
      "tel_movil": "",
      "fecha_nac": null,
      "avatar": "",
      "etnia": null,
      "escolaridad": null,
      "slug": "2261485120101"
   }
},
{
   "model": "cyd.participante",
   "pk": 8,
   "fields": {
      "dpi": "123456789",
      "nombre": "Juanita",
      "apellido": "Jones",
      "genero": 1,
      "rol": 1,
      "escuela": 1,
      "direccion": "",
      "mail": "",
      "tel_casa": "",
      "tel_movil": "",
      "fecha_nac": null,
      "avatar": "",
      "etnia": null,
      "escolaridad": null,
      "slug": "123456789"
   }
},
{
   "model": "cyd.participante",
   "pk": 10,
   "fields": {
      "dpi": "funsepa-10",
      "nombre": "Ernest",
      "apellido": "Garc\u00eda",
      "genero": 1,
      "rol": 1,
      "escuela": 1,
      "direccion": "",
      "mail": "",
      "tel_casa": "",
      "tel_movil": "",
      "fecha_nac": null,
      "avatar": "",
      "etnia": null,
      "escolaridad": null,
      "slug": "funsepa-10"
   }
},
{
   "model": "cyd.participante",
   "pk": 11,
   "fields": {
      "dpi": "1234",
      "nombre": "Fulanito",
      "apellido": "asd",
      "genero": 2,
      "rol": 1,
      "escuela": 1,
      "direccion": "",
      "mail": "",
      "tel_casa": "",
      "tel_movil": "",
      "fecha_nac": null,
      "avatar": "",
      "etnia": null,
      "escolaridad": null,
      "slug": "1234"
   }
},
{
   "model": "cyd.participante",
   "pk": 12,
   "fields": {
      "dpi": "13468",
      "nombre": "Berto",
      "apellido": "Bertes",
      "genero": 2,
      "rol": 1,
      "escuela": 2,
      "direccion": "",
      "mail": "",
      "tel_casa": "",
      "tel_movil": "",
      "fecha_nac": null,
      "avatar": "",
      "etnia": null,
      "escolaridad": null,
      "slug": "13468"
   }
},
{
   "model": "cyd.participante",
   "pk": 14,
   "fields": {
      "dpi": "f-14-619",
      "nombre": "Juan",
      "apellido": "Juanites",
      "genero": 1,
      "rol": 1,
      "escuela": 2,
      "direccion": "",
      "mail": "",
      "tel_casa": "",
      "tel_movil": "",
      "fecha_nac": null,
      "avatar": "",
      "etnia": null,
      "escolaridad": null,
      "slug": "f-14-619"
   }
},
{
   "model": "cyd.participante",
   "pk": 15,
   "fields": {
      "dpi": "funsepa-15",
      "nombre": "Marta",
      "apellido": "Mar\u00eda",
      "genero": 2,
      "rol": 2,
      "escuela": 2,
      "direccion": "",
      "mail": "",
      "tel_casa": "",
      "tel_movil": "",
      "fecha_nac": null,
      "avatar": "",
      "etnia": null,
      "escolaridad": null,
      "slug": "funsepa-15"
   }
},
{
   "model": "cyd.participante",
   "pk": 17,
   "fields": {
      "dpi": "funsepa-jeje",
      "nombre": "Gonzalo",
      "apellido": "Gonzales",
      "genero": 2,
      "rol": 2,
      "escuela": 2,
      "direccion": "Su casa",
      "mail": "correo@correo.com",
      "tel_casa": "",
      "tel_movil": "55558888",
      "fecha_nac": null,
      "avatar": "",
      "etnia": null,
      "escolaridad": null,
      "slug": "funsepa-jeje"
   }
},
{
   "model": "cyd.participante",
   "pk": 18,
   "fields": {
      "dpi": "funsepa-18",
      "nombre": "Fulanita",
      "apellido": "De talita",
      "genero": 2,
      "rol": 2,
      "escuela": 2,
      "direccion": "",
      "mail": "",
      "tel_casa": "",
      "tel_movil": "",
      "fecha_nac": null,
      "avatar": "",
      "etnia": null,
      "escolaridad": null,
      "slug": "funsepa-18"
   }
},
{
   "model": "cyd.participante",
   "pk": 19,
   "fields": {
      "dpi": "funsepa-19",
      "nombre": "Jhon",
      "apellido": "Lennon",
      "genero": 1,
      "rol": 2,
      "escuela": 2,
      "direccion": "",
      "mail": "",
      "tel_casa": "",
      "tel_movil": "",
      "fecha_nac": null,
      "avatar": "",
      "etnia": null,
      "escolaridad": null,
      "slug": "funsepa-19"
   }
},
{
   "model": "cyd.participante",
   "pk": 20,
   "fields": {
      "dpi": "funsepa-20",
      "nombre": "Ringo",
      "apellido": "Starr",
      "genero": 1,
      "rol": 2,
      "escuela": 2,
      "direccion": "",
      "mail": "",
      "tel_casa": "",
      "tel_movil": "",
      "fecha_nac": null,
      "avatar": "",
      "etnia": null,
      "escolaridad": null,
      "slug": "funsepa-20"
   }
},
{
   "model": "cyd.participante",
   "pk": 21,
   "fields": {
      "dpi": "f-21-860",
      "nombre": "George",
      "apellido": "Harrison",
      "genero": 1,
      "rol": 2,
      "escuela": 2,
      "direccion": "Ciudad",
      "mail": "",
      "tel_casa": "",
      "tel_movil": "",
      "fecha_nac": null,
      "avatar": "",
      "etnia": null,
      "escolaridad": null,
      "slug": "f-21-860"
   }
},
{
   "model": "cyd.participante",
   "pk": 22,
   "fields": {
      "dpi": "326598",
      "nombre": "Pepa",
      "apellido": "Pig",
      "genero": 2,
      "rol": 1,
      "escuela": 4,
      "direccion": null,
      "mail": "",
      "tel_casa": null,
      "tel_movil": "",
      "fecha_nac": null,
      "avatar": "",
      "etnia": null,
      "escolaridad": null,
      "slug": "326598"
   }
},
{
   "model": "cyd.asignacion",
   "pk": 1,
   "fields": {
      "participante": 1,
      "grupo": 4
   }
},
{
   "model": "cyd.asignacion",
   "pk": 5,
   "fields": {
      "participante": 4,
      "grupo": 5
   }
},
{
   "model": "cyd.asignacion",
   "pk": 6,
   "fields": {
      "participante": 6,
      "grupo": 4
   }
},
{
   "model": "cyd.asignacion",
   "pk": 7,
   "fields": {
      "participante": 7,
      "grupo": 11
   }
},
{
   "model": "cyd.asignacion",
   "pk": 8,
   "fields": {
      "participante": 8,
      "grupo": 11
   }
},
{
   "model": "cyd.asignacion",
   "pk": 10,
   "fields": {
      "participante": 10,
      "grupo": 4
   }
},
{
   "model": "cyd.asignacion",
   "pk": 11,
   "fields": {
      "participante": 11,
      "grupo": 11
   }
},
{
   "model": "cyd.asignacion",
   "pk": 12,
   "fields": {
      "participante": 12,
      "grupo": 11
   }
},
{
   "model": "cyd.asignacion",
   "pk": 14,
   "fields": {
      "participante": 14,
      "grupo": 11
   }
},
{
   "model": "cyd.asignacion",
   "pk": 15,
   "fields": {
      "participante": 15,
      "grupo": 11
   }
},
{
   "model": "cyd.asignacion",
   "pk": 17,
   "fields": {
      "participante": 17,
      "grupo": 10
   }
},
{
   "model": "cyd.asignacion",
   "pk": 18,
   "fields": {
      "participante": 18,
      "grupo": 10
   }
},
{
   "model": "cyd.asignacion",
   "pk": 19,
   "fields": {
      "participante": 19,
      "grupo": 8
   }
},
{
   "model": "cyd.asignacion",
   "pk": 20,
   "fields": {
      "participante": 20,
      "grupo": 8
   }
},
{
   "model": "cyd.asignacion",
   "pk": 21,
   "fields": {
      "participante": 21,
      "grupo": 8
   }
},
{
   "model": "cyd.asignacion",
   "pk": 424,
   "fields": {
      "participante": 17,
      "grupo": 13
   }
},
{
   "model": "cyd.asignacion",
   "pk": 425,
   "fields": {
      "participante": 17,
      "grupo": 11
   }
},
{
   "model": "cyd.asignacion",
   "pk": 426,
   "fields": {
      "participante": 1,
      "grupo": 15
   }
},
{
   "model": "cyd.asignacion",
   "pk": 427,
   "fields": {
      "participante": 1,
      "grupo": 14
   }
},
{
   "model": "cyd.asignacion",
   "pk": 428,
   "fields": {
      "participante": 7,
      "grupo": 16
   }
},
{
   "model": "cyd.asignacion",
   "pk": 429,
   "fields": {
      "participante": 22,
      "grupo": 17
   }
},
{
   "model": "cyd.asignacion",
   "pk": 431,
   "fields": {
      "participante": 8,
      "grupo": 14
   }
},
{
   "model": "cyd.asignacion",
   "pk": 432,
   "fields": {
      "participante": 11,
      "grupo": 14
   }
},
{
   "model": "cyd.asignacion",
   "pk": 433,
   "fields": {
      "participante": 12,
      "grupo": 14
   }
},
{
   "model": "cyd.asignacion",
   "pk": 434,
   "fields": {
      "participante": 15,
      "grupo": 14
   }
},
{
   "model": "cyd.asignacion",
   "pk": 435,
   "fields": {
      "participante": 14,
      "grupo": 14
   }
},
{
   "model": "cyd.asignacion",
   "pk": 436,
   "fields": {
      "participante": 17,
      "grupo": 14
   }
},
{
   "model": "cyd.asignacion",
   "pk": 437,
   "fields": {
      "participante": 6,
      "grupo": 13
   }
},
{
   "model": "cyd.asignacion",
   "pk": 438,
   "fields": {
      "participante": 8,
      "grupo": 17
   }
},
{
   "model": "cyd.asignacion",
   "pk": 439,
   "fields": {
      "participante": 14,
      "grupo": 4
   }
},
{
   "model": "cyd.asignacion",
   "pk": 441,
   "fields": {
      "participante": 6,
      "grupo": 9
   }
},
{
   "model": "cyd.asignacion",
   "pk": 444,
   "fields": {
      "participante": 4,
      "grupo": 10
   }
},
{
   "model": "cyd.notaasistencia",
   "pk": 1,
   "fields": {
      "asignacion": 1,
      "gr_calendario": 1,
      "nota": 0
   }
},
{
   "model": "cyd.notaasistencia",
   "pk": 2,
   "fields": {
      "asignacion": 1,
      "gr_calendario": 2,
      "nota": 0
   }
},
{
   "model": "cyd.notaasistencia",
   "pk": 3,
   "fields": {
      "asignacion": 1,
      "gr_calendario": 3,
      "nota": 0
   }
},
{
   "model": "cyd.notaasistencia",
   "pk": 4,
   "fields": {
      "asignacion": 1,
      "gr_calendario": 4,
      "nota": 0
   }
},
{
   "model": "cyd.notaasistencia",
   "pk": 5,
   "fields": {
      "asignacion": 5,
      "gr_calendario": 5,
      "nota": 0
   }
},
{
   "model": "cyd.notaasistencia",
   "pk": 6,
   "fields": {
      "asignacion": 5,
      "gr_calendario": 6,
      "nota": 0
   }
},
{
   "model": "cyd.notaasistencia",
   "pk": 7,
   "fields": {
      "asignacion": 5,
      "gr_calendario": 7,
      "nota": 0
   }
},
{
   "model": "cyd.notaasistencia",
   "pk": 8,
   "fields": {
      "asignacion": 5,
      "gr_calendario": 8,
      "nota": 0
   }
},
{
   "model": "cyd.notaasistencia",
   "pk": 9,
   "fields": {
      "asignacion": 6,
      "gr_calendario": 1,
      "nota": 0
   }
},
{
   "model": "cyd.notaasistencia",
   "pk": 10,
   "fields": {
      "asignacion": 6,
      "gr_calendario": 2,
      "nota": 0
   }
},
{
   "model": "cyd.notaasistencia",
   "pk": 11,
   "fields": {
      "asignacion": 6,
      "gr_calendario": 3,
      "nota": 0
   }
},
{
   "model": "cyd.notaasistencia",
   "pk": 12,
   "fields": {
      "asignacion": 6,
      "gr_calendario": 4,
      "nota": 0
   }
},
{
   "model": "cyd.notaasistencia",
   "pk": 13,
   "fields": {
      "asignacion": 7,
      "gr_calendario": 29,
      "nota": 10
   }
},
{
   "model": "cyd.notaasistencia",
   "pk": 14,
   "fields": {
      "asignacion": 7,
      "gr_calendario": 30,
      "nota": 10
   }
},
{
   "model": "cyd.notaasistencia",
   "pk": 15,
   "fields": {
      "asignacion": 7,
      "gr_calendario": 31,
      "nota": 10
   }
},
{
   "model": "cyd.notaasistencia",
   "pk": 16,
   "fields": {
      "asignacion": 7,
      "gr_calendario": 32,
      "nota": 0
   }
},
{
   "model": "cyd.notaasistencia",
   "pk": 17,
   "fields": {
      "asignacion": 8,
      "gr_calendario": 29,
      "nota": 10
   }
},
{
   "model": "cyd.notaasistencia",
   "pk": 18,
   "fields": {
      "asignacion": 8,
      "gr_calendario": 30,
      "nota": 10
   }
},
{
   "model": "cyd.notaasistencia",
   "pk": 19,
   "fields": {
      "asignacion": 8,
      "gr_calendario": 31,
      "nota": 0
   }
},
{
   "model": "cyd.notaasistencia",
   "pk": 20,
   "fields": {
      "asignacion": 8,
      "gr_calendario": 32,
      "nota": 10
   }
},
{
   "model": "cyd.notaasistencia",
   "pk": 25,
   "fields": {
      "asignacion": 10,
      "gr_calendario": 1,
      "nota": 0
   }
},
{
   "model": "cyd.notaasistencia",
   "pk": 26,
   "fields": {
      "asignacion": 10,
      "gr_calendario": 2,
      "nota": 0
   }
},
{
   "model": "cyd.notaasistencia",
   "pk": 27,
   "fields": {
      "asignacion": 10,
      "gr_calendario": 3,
      "nota": 0
   }
},
{
   "model": "cyd.notaasistencia",
   "pk": 28,
   "fields": {
      "asignacion": 10,
      "gr_calendario": 4,
      "nota": 0
   }
},
{
   "model": "cyd.notaasistencia",
   "pk": 29,
   "fields": {
      "asignacion": 11,
      "gr_calendario": 29,
      "nota": 10
   }
},
{
   "model": "cyd.notaasistencia",
   "pk": 30,
   "fields": {
      "asignacion": 11,
      "gr_calendario": 30,
      "nota": 10
   }
},
{
   "model": "cyd.notaasistencia",
   "pk": 31,
   "fields": {
      "asignacion": 11,
      "gr_calendario": 31,
      "nota": 10
   }
},
{
   "model": "cyd.notaasistencia",
   "pk": 32,
   "fields": {
      "asignacion": 11,
      "gr_calendario": 32,
      "nota": 10
   }
},
{
   "model": "cyd.notaasistencia",
   "pk": 33,
   "fields": {
      "asignacion": 12,
      "gr_calendario": 29,
      "nota": 0
   }
},
{
   "model": "cyd.notaasistencia",
   "pk": 34,
   "fields": {
      "asignacion": 12,
      "gr_calendario": 30,
      "nota": 10
   }
},
{
   "model": "cyd.notaasistencia",
   "pk": 35,
   "fields": {
      "asignacion": 12,
      "gr_calendario": 31,
      "nota": 10
   }
},
{
   "model": "cyd.notaasistencia",
   "pk": 36,
   "fields": {
      "asignacion": 12,
      "gr_calendario": 32,
      "nota": 20
   }
},
{
   "model": "cyd.notaasistencia",
   "pk": 41,
   "fields": {
      "asignacion": 14,
      "gr_calendario": 29,
      "nota": 10
   }
},
{
   "model": "cyd.notaasistencia",
   "pk": 42,
   "fields": {
      "asignacion": 14,
      "gr_calendario": 30,
      "nota": 10
   }
},
{
   "model": "cyd.notaasistencia",
   "pk": 43,
   "fields": {
      "asignacion": 14,
      "gr_calendario": 31,
      "nota": 10
   }
},
{
   "model": "cyd.notaasistencia",
   "pk": 44,
   "fields": {
      "asignacion": 14,
      "gr_calendario": 32,
      "nota": 10
   }
},
{
   "model": "cyd.notaasistencia",
   "pk": 45,
   "fields": {
      "asignacion": 15,
      "gr_calendario": 29,
      "nota": 10
   }
},
{
   "model": "cyd.notaasistencia",
   "pk": 46,
   "fields": {
      "asignacion": 15,
      "gr_calendario": 30,
      "nota": 10
   }
},
{
   "model": "cyd.notaasistencia",
   "pk": 47,
   "fields": {
      "asignacion": 15,
      "gr_calendario": 31,
      "nota": 10
   }
},
{
   "model": "cyd.notaasistencia",
   "pk": 48,
   "fields": {
      "asignacion": 15,
      "gr_calendario": 32,
      "nota": 0
   }
},
{
   "model": "cyd.notaasistencia",
   "pk": 53,
   "fields": {
      "asignacion": 17,
      "gr_calendario": 25,
      "nota": 10
   }
},
{
   "model": "cyd.notaasistencia",
   "pk": 54,
   "fields": {
      "asignacion": 17,
      "gr_calendario": 26,
      "nota": 10
   }
},
{
   "model": "cyd.notaasistencia",
   "pk": 55,
   "fields": {
      "asignacion": 17,
      "gr_calendario": 27,
      "nota": 10
   }
},
{
   "model": "cyd.notaasistencia",
   "pk": 56,
   "fields": {
      "asignacion": 17,
      "gr_calendario": 28,
      "nota": 0
   }
},
{
   "model": "cyd.notaasistencia",
   "pk": 57,
   "fields": {
      "asignacion": 18,
      "gr_calendario": 25,
      "nota": 0
   }
},
{
   "model": "cyd.notaasistencia",
   "pk": 58,
   "fields": {
      "asignacion": 18,
      "gr_calendario": 26,
      "nota": 0
   }
},
{
   "model": "cyd.notaasistencia",
   "pk": 59,
   "fields": {
      "asignacion": 18,
      "gr_calendario": 27,
      "nota": 0
   }
},
{
   "model": "cyd.notaasistencia",
   "pk": 60,
   "fields": {
      "asignacion": 18,
      "gr_calendario": 28,
      "nota": 0
   }
},
{
   "model": "cyd.notaasistencia",
   "pk": 61,
   "fields": {
      "asignacion": 19,
      "gr_calendario": 17,
      "nota": 0
   }
},
{
   "model": "cyd.notaasistencia",
   "pk": 62,
   "fields": {
      "asignacion": 19,
      "gr_calendario": 18,
      "nota": 0
   }
},
{
   "model": "cyd.notaasistencia",
   "pk": 63,
   "fields": {
      "asignacion": 19,
      "gr_calendario": 19,
      "nota": 0
   }
},
{
   "model": "cyd.notaasistencia",
   "pk": 64,
   "fields": {
      "asignacion": 19,
      "gr_calendario": 20,
      "nota": 0
   }
},
{
   "model": "cyd.notaasistencia",
   "pk": 65,
   "fields": {
      "asignacion": 20,
      "gr_calendario": 17,
      "nota": 0
   }
},
{
   "model": "cyd.notaasistencia",
   "pk": 66,
   "fields": {
      "asignacion": 20,
      "gr_calendario": 18,
      "nota": 0
   }
},
{
   "model": "cyd.notaasistencia",
   "pk": 67,
   "fields": {
      "asignacion": 21,
      "gr_calendario": 17,
      "nota": 1
   }
},
{
   "model": "cyd.notaasistencia",
   "pk": 68,
   "fields": {
      "asignacion": 20,
      "gr_calendario": 19,
      "nota": 0
   }
},
{
   "model": "cyd.notaasistencia",
   "pk": 69,
   "fields": {
      "asignacion": 21,
      "gr_calendario": 18,
      "nota": 0
   }
},
{
   "model": "cyd.notaasistencia",
   "pk": 70,
   "fields": {
      "asignacion": 20,
      "gr_calendario": 20,
      "nota": 0
   }
},
{
   "model": "cyd.notaasistencia",
   "pk": 71,
   "fields": {
      "asignacion": 21,
      "gr_calendario": 19,
      "nota": 1
   }
},
{
   "model": "cyd.notaasistencia",
   "pk": 72,
   "fields": {
      "asignacion": 21,
      "gr_calendario": 20,
      "nota": 20
   }
},
{
   "model": "cyd.notaasistencia",
   "pk": 77,
   "fields": {
      "asignacion": 424,
      "gr_calendario": 37,
      "nota": 0
   }
},
{
   "model": "cyd.notaasistencia",
   "pk": 78,
   "fields": {
      "asignacion": 424,
      "gr_calendario": 38,
      "nota": 20
   }
},
{
   "model": "cyd.notaasistencia",
   "pk": 79,
   "fields": {
      "asignacion": 424,
      "gr_calendario": 39,
      "nota": 20
   }
},
{
   "model": "cyd.notaasistencia",
   "pk": 80,
   "fields": {
      "asignacion": 425,
      "gr_calendario": 29,
      "nota": 0
   }
},
{
   "model": "cyd.notaasistencia",
   "pk": 81,
   "fields": {
      "asignacion": 425,
      "gr_calendario": 30,
      "nota": 0
   }
},
{
   "model": "cyd.notaasistencia",
   "pk": 82,
   "fields": {
      "asignacion": 425,
      "gr_calendario": 31,
      "nota": 0
   }
},
{
   "model": "cyd.notaasistencia",
   "pk": 83,
   "fields": {
      "asignacion": 425,
      "gr_calendario": 32,
      "nota": 0
   }
},
{
   "model": "cyd.notaasistencia",
   "pk": 84,
   "fields": {
      "asignacion": 426,
      "gr_calendario": 43,
      "nota": 20
   }
},
{
   "model": "cyd.notaasistencia",
   "pk": 85,
   "fields": {
      "asignacion": 426,
      "gr_calendario": 44,
      "nota": 20
   }
},
{
   "model": "cyd.notaasistencia",
   "pk": 86,
   "fields": {
      "asignacion": 427,
      "gr_calendario": 40,
      "nota": 15
   }
},
{
   "model": "cyd.notaasistencia",
   "pk": 87,
   "fields": {
      "asignacion": 427,
      "gr_calendario": 41,
      "nota": 15
   }
},
{
   "model": "cyd.notaasistencia",
   "pk": 88,
   "fields": {
      "asignacion": 427,
      "gr_calendario": 42,
      "nota": 15
   }
},
{
   "model": "cyd.notaasistencia",
   "pk": 89,
   "fields": {
      "asignacion": 428,
      "gr_calendario": 45,
      "nota": 15
   }
},
{
   "model": "cyd.notaasistencia",
   "pk": 90,
   "fields": {
      "asignacion": 428,
      "gr_calendario": 46,
      "nota": 15
   }
},
{
   "model": "cyd.notaasistencia",
   "pk": 91,
   "fields": {
      "asignacion": 428,
      "gr_calendario": 47,
      "nota": 15
   }
},
{
   "model": "cyd.notaasistencia",
   "pk": 92,
   "fields": {
      "asignacion": 429,
      "gr_calendario": 48,
      "nota": 0
   }
},
{
   "model": "cyd.notaasistencia",
   "pk": 93,
   "fields": {
      "asignacion": 429,
      "gr_calendario": 49,
      "nota": 0
   }
},
{
   "model": "cyd.notaasistencia",
   "pk": 94,
   "fields": {
      "asignacion": 429,
      "gr_calendario": 50,
      "nota": 0
   }
},
{
   "model": "cyd.notaasistencia",
   "pk": 98,
   "fields": {
      "asignacion": 431,
      "gr_calendario": 40,
      "nota": 0
   }
},
{
   "model": "cyd.notaasistencia",
   "pk": 99,
   "fields": {
      "asignacion": 431,
      "gr_calendario": 41,
      "nota": 0
   }
},
{
   "model": "cyd.notaasistencia",
   "pk": 100,
   "fields": {
      "asignacion": 431,
      "gr_calendario": 42,
      "nota": 0
   }
},
{
   "model": "cyd.notaasistencia",
   "pk": 101,
   "fields": {
      "asignacion": 432,
      "gr_calendario": 40,
      "nota": 0
   }
},
{
   "model": "cyd.notaasistencia",
   "pk": 102,
   "fields": {
      "asignacion": 432,
      "gr_calendario": 41,
      "nota": 0
   }
},
{
   "model": "cyd.notaasistencia",
   "pk": 103,
   "fields": {
      "asignacion": 432,
      "gr_calendario": 42,
      "nota": 0
   }
},
{
   "model": "cyd.notaasistencia",
   "pk": 104,
   "fields": {
      "asignacion": 433,
      "gr_calendario": 40,
      "nota": 0
   }
},
{
   "model": "cyd.notaasistencia",
   "pk": 105,
   "fields": {
      "asignacion": 435,
      "gr_calendario": 40,
      "nota": 0
   }
},
{
   "model": "cyd.notaasistencia",
   "pk": 106,
   "fields": {
      "asignacion": 435,
      "gr_calendario": 41,
      "nota": 0
   }
},
{
   "model": "cyd.notaasistencia",
   "pk": 107,
   "fields": {
      "asignacion": 436,
      "gr_calendario": 40,
      "nota": 0
   }
},
{
   "model": "cyd.notaasistencia",
   "pk": 108,
   "fields": {
      "asignacion": 436,
      "gr_calendario": 41,
      "nota": 0
   }
},
{
   "model": "cyd.notaasistencia",
   "pk": 109,
   "fields": {
      "asignacion": 436,
      "gr_calendario": 42,
      "nota": 0
   }
},
{
   "model": "cyd.notaasistencia",
   "pk": 110,
   "fields": {
      "asignacion": 434,
      "gr_calendario": 40,
      "nota": 0
   }
},
{
   "model": "cyd.notaasistencia",
   "pk": 111,
   "fields": {
      "asignacion": 434,
      "gr_calendario": 41,
      "nota": 0
   }
},
{
   "model": "cyd.notaasistencia",
   "pk": 112,
   "fields": {
      "asignacion": 435,
      "gr_calendario": 42,
      "nota": 0
   }
},
{
   "model": "cyd.notaasistencia",
   "pk": 113,
   "fields": {
      "asignacion": 433,
      "gr_calendario": 41,
      "nota": 0
   }
},
{
   "model": "cyd.notaasistencia",
   "pk": 114,
   "fields": {
      "asignacion": 433,
      "gr_calendario": 42,
      "nota": 0
   }
},
{
   "model": "cyd.notaasistencia",
   "pk": 115,
   "fields": {
      "asignacion": 434,
      "gr_calendario": 42,
      "nota": 0
   }
},
{
   "model": "cyd.notaasistencia",
   "pk": 116,
   "fields": {
      "asignacion": 437,
      "gr_calendario": 37,
      "nota": 0
   }
},
{
   "model": "cyd.notaasistencia",
   "pk": 117,
   "fields": {
      "asignacion": 437,
      "gr_calendario": 38,
      "nota": 0
   }
},
{
   "model": "cyd.notaasistencia",
   "pk": 118,
   "fields": {
      "asignacion": 437,
      "gr_calendario": 39,
      "nota": 0
   }
},
{
   "model": "cyd.notaasistencia",
   "pk": 119,
   "fields": {
      "asignacion": 438,
      "gr_calendario": 48,
      "nota": 0
   }
},
{
   "model": "cyd.notaasistencia",
   "pk": 120,
   "fields": {
      "asignacion": 438,
      "gr_calendario": 49,
      "nota": 0
   }
},
{
   "model": "cyd.notaasistencia",
   "pk": 121,
   "fields": {
      "asignacion": 438,
      "gr_calendario": 50,
      "nota": 0
   }
},
{
   "model": "cyd.notaasistencia",
   "pk": 122,
   "fields": {
      "asignacion": 439,
      "gr_calendario": 1,
      "nota": 0
   }
},
{
   "model": "cyd.notaasistencia",
   "pk": 123,
   "fields": {
      "asignacion": 439,
      "gr_calendario": 2,
      "nota": 0
   }
},
{
   "model": "cyd.notaasistencia",
   "pk": 124,
   "fields": {
      "asignacion": 439,
      "gr_calendario": 3,
      "nota": 0
   }
},
{
   "model": "cyd.notaasistencia",
   "pk": 125,
   "fields": {
      "asignacion": 439,
      "gr_calendario": 4,
      "nota": 0
   }
},
{
   "model": "cyd.notaasistencia",
   "pk": 130,
   "fields": {
      "asignacion": 441,
      "gr_calendario": 21,
      "nota": 0
   }
},
{
   "model": "cyd.notaasistencia",
   "pk": 131,
   "fields": {
      "asignacion": 441,
      "gr_calendario": 22,
      "nota": 0
   }
},
{
   "model": "cyd.notaasistencia",
   "pk": 132,
   "fields": {
      "asignacion": 441,
      "gr_calendario": 23,
      "nota": 0
   }
},
{
   "model": "cyd.notaasistencia",
   "pk": 133,
   "fields": {
      "asignacion": 441,
      "gr_calendario": 24,
      "nota": 0
   }
},
{
   "model": "cyd.notaasistencia",
   "pk": 142,
   "fields": {
      "asignacion": 444,
      "gr_calendario": 25,
      "nota": 0
   }
},
{
   "model": "cyd.notaasistencia",
   "pk": 143,
   "fields": {
      "asignacion": 444,
      "gr_calendario": 26,
      "nota": 0
   }
},
{
   "model": "cyd.notaasistencia",
   "pk": 144,
   "fields": {
      "asignacion": 444,
      "gr_calendario": 27,
      "nota": 0
   }
},
{
   "model": "cyd.notaasistencia",
   "pk": 145,
   "fields": {
      "asignacion": 444,
      "gr_calendario": 28,
      "nota": 0
   }
},
{
   "model": "cyd.notahito",
   "pk": 1,
   "fields": {
      "asignacion": 1,
      "cr_hito": 1,
      "nota": 0
   }
},
{
   "model": "cyd.notahito",
   "pk": 2,
   "fields": {
      "asignacion": 1,
      "cr_hito": 2,
      "nota": 0
   }
},
{
   "model": "cyd.notahito",
   "pk": 3,
   "fields": {
      "asignacion": 5,
      "cr_hito": 1,
      "nota": 0
   }
},
{
   "model": "cyd.notahito",
   "pk": 4,
   "fields": {
      "asignacion": 5,
      "cr_hito": 2,
      "nota": 0
   }
},
{
   "model": "cyd.notahito",
   "pk": 5,
   "fields": {
      "asignacion": 6,
      "cr_hito": 1,
      "nota": 0
   }
},
{
   "model": "cyd.notahito",
   "pk": 6,
   "fields": {
      "asignacion": 6,
      "cr_hito": 2,
      "nota": 0
   }
},
{
   "model": "cyd.notahito",
   "pk": 7,
   "fields": {
      "asignacion": 7,
      "cr_hito": 1,
      "nota": 30
   }
},
{
   "model": "cyd.notahito",
   "pk": 8,
   "fields": {
      "asignacion": 7,
      "cr_hito": 2,
      "nota": 20
   }
},
{
   "model": "cyd.notahito",
   "pk": 9,
   "fields": {
      "asignacion": 8,
      "cr_hito": 1,
      "nota": 0
   }
},
{
   "model": "cyd.notahito",
   "pk": 10,
   "fields": {
      "asignacion": 8,
      "cr_hito": 2,
      "nota": 0
   }
},
{
   "model": "cyd.notahito",
   "pk": 13,
   "fields": {
      "asignacion": 10,
      "cr_hito": 1,
      "nota": 0
   }
},
{
   "model": "cyd.notahito",
   "pk": 14,
   "fields": {
      "asignacion": 10,
      "cr_hito": 2,
      "nota": 0
   }
},
{
   "model": "cyd.notahito",
   "pk": 15,
   "fields": {
      "asignacion": 11,
      "cr_hito": 1,
      "nota": 20
   }
},
{
   "model": "cyd.notahito",
   "pk": 16,
   "fields": {
      "asignacion": 11,
      "cr_hito": 2,
      "nota": 20
   }
},
{
   "model": "cyd.notahito",
   "pk": 17,
   "fields": {
      "asignacion": 12,
      "cr_hito": 1,
      "nota": 30
   }
},
{
   "model": "cyd.notahito",
   "pk": 18,
   "fields": {
      "asignacion": 12,
      "cr_hito": 2,
      "nota": 20
   }
},
{
   "model": "cyd.notahito",
   "pk": 21,
   "fields": {
      "asignacion": 14,
      "cr_hito": 1,
      "nota": 20
   }
},
{
   "model": "cyd.notahito",
   "pk": 22,
   "fields": {
      "asignacion": 14,
      "cr_hito": 2,
      "nota": 20
   }
},
{
   "model": "cyd.notahito",
   "pk": 23,
   "fields": {
      "asignacion": 15,
      "cr_hito": 1,
      "nota": 20
   }
},
{
   "model": "cyd.notahito",
   "pk": 24,
   "fields": {
      "asignacion": 15,
      "cr_hito": 2,
      "nota": 20
   }
},
{
   "model": "cyd.notahito",
   "pk": 27,
   "fields": {
      "asignacion": 17,
      "cr_hito": 1,
      "nota": 30
   }
},
{
   "model": "cyd.notahito",
   "pk": 28,
   "fields": {
      "asignacion": 17,
      "cr_hito": 2,
      "nota": 20
   }
},
{
   "model": "cyd.notahito",
   "pk": 29,
   "fields": {
      "asignacion": 18,
      "cr_hito": 1,
      "nota": 0
   }
},
{
   "model": "cyd.notahito",
   "pk": 30,
   "fields": {
      "asignacion": 18,
      "cr_hito": 2,
      "nota": 0
   }
},
{
   "model": "cyd.notahito",
   "pk": 31,
   "fields": {
      "asignacion": 19,
      "cr_hito": 1,
      "nota": 0
   }
},
{
   "model": "cyd.notahito",
   "pk": 32,
   "fields": {
      "asignacion": 19,
      "cr_hito": 2,
      "nota": 0
   }
},
{
   "model": "cyd.notahito",
   "pk": 33,
   "fields": {
      "asignacion": 20,
      "cr_hito": 1,
      "nota": 0
   }
},
{
   "model": "cyd.notahito",
   "pk": 34,
   "fields": {
      "asignacion": 21,
      "cr_hito": 1,
      "nota": 10
   }
},
{
   "model": "cyd.notahito",
   "pk": 35,
   "fields": {
      "asignacion": 20,
      "cr_hito": 2,
      "nota": 0
   }
},
{
   "model": "cyd.notahito",
   "pk": 36,
   "fields": {
      "asignacion": 21,
      "cr_hito": 2,
      "nota": 20
   }
},
{
   "model": "cyd.notahito",
   "pk": 841,
   "fields": {
      "asignacion": 424,
      "cr_hito": 3,
      "nota": 20
   }
},
{
   "model": "cyd.notahito",
   "pk": 842,
   "fields": {
      "asignacion": 424,
      "cr_hito": 4,
      "nota": 20
   }
},
{
   "model": "cyd.notahito",
   "pk": 843,
   "fields": {
      "asignacion": 425,
      "cr_hito": 1,
      "nota": 0
   }
},
{
   "model": "cyd.notahito",
   "pk": 844,
   "fields": {
      "asignacion": 425,
      "cr_hito": 2,
      "nota": 0
   }
},
{
   "model": "cyd.notahito",
   "pk": 845,
   "fields": {
      "asignacion": 426,
      "cr_hito": 7,
      "nota": 20
   }
},
{
   "model": "cyd.notahito",
   "pk": 846,
   "fields": {
      "asignacion": 426,
      "cr_hito": 8,
      "nota": 0
   }
},
{
   "model": "cyd.notahito",
   "pk": 847,
   "fields": {
      "asignacion": 427,
      "cr_hito": 5,
      "nota": 15
   }
},
{
   "model": "cyd.notahito",
   "pk": 848,
   "fields": {
      "asignacion": 427,
      "cr_hito": 6,
      "nota": 20
   }
},
{
   "model": "cyd.notahito",
   "pk": 849,
   "fields": {
      "asignacion": 428,
      "cr_hito": 3,
      "nota": 15
   }
},
{
   "model": "cyd.notahito",
   "pk": 850,
   "fields": {
      "asignacion": 428,
      "cr_hito": 4,
      "nota": 0
   }
},
{
   "model": "cyd.notahito",
   "pk": 851,
   "fields": {
      "asignacion": 429,
      "cr_hito": 5,
      "nota": 0
   }
},
{
   "model": "cyd.notahito",
   "pk": 852,
   "fields": {
      "asignacion": 429,
      "cr_hito": 6,
      "nota": 0
   }
},
{
   "model": "cyd.notahito",
   "pk": 855,
   "fields": {
      "asignacion": 431,
      "cr_hito": 5,
      "nota": 0
   }
},
{
   "model": "cyd.notahito",
   "pk": 856,
   "fields": {
      "asignacion": 431,
      "cr_hito": 6,
      "nota": 0
   }
},
{
   "model": "cyd.notahito",
   "pk": 857,
   "fields": {
      "asignacion": 432,
      "cr_hito": 5,
      "nota": 0
   }
},
{
   "model": "cyd.notahito",
   "pk": 858,
   "fields": {
      "asignacion": 432,
      "cr_hito": 6,
      "nota": 0
   }
},
{
   "model": "cyd.notahito",
   "pk": 859,
   "fields": {
      "asignacion": 436,
      "cr_hito": 5,
      "nota": 0
   }
},
{
   "model": "cyd.notahito",
   "pk": 860,
   "fields": {
      "asignacion": 436,
      "cr_hito": 6,
      "nota": 0
   }
},
{
   "model": "cyd.notahito",
   "pk": 861,
   "fields": {
      "asignacion": 435,
      "cr_hito": 5,
      "nota": 0
   }
},
{
   "model": "cyd.notahito",
   "pk": 862,
   "fields": {
      "asignacion": 435,
      "cr_hito": 6,
      "nota": 0
   }
},
{
   "model": "cyd.notahito",
   "pk": 863,
   "fields": {
      "asignacion": 433,
      "cr_hito": 5,
      "nota": 0
   }
},
{
   "model": "cyd.notahito",
   "pk": 864,
   "fields": {
      "asignacion": 433,
      "cr_hito": 6,
      "nota": 0
   }
},
{
   "model": "cyd.notahito",
   "pk": 865,
   "fields": {
      "asignacion": 434,
      "cr_hito": 5,
      "nota": 0
   }
},
{
   "model": "cyd.notahito",
   "pk": 866,
   "fields": {
      "asignacion": 434,
      "cr_hito": 6,
      "nota": 0
   }
},
{
   "model": "cyd.notahito",
   "pk": 867,
   "fields": {
      "asignacion": 437,
      "cr_hito": 3,
      "nota": 0
   }
},
{
   "model": "cyd.notahito",
   "pk": 868,
   "fields": {
      "asignacion": 437,
      "cr_hito": 4,
      "nota": 0
   }
},
{
   "model": "cyd.notahito",
   "pk": 869,
   "fields": {
      "asignacion": 438,
      "cr_hito": 5,
      "nota": 0
   }
},
{
   "model": "cyd.notahito",
   "pk": 870,
   "fields": {
      "asignacion": 438,
      "cr_hito": 6,
      "nota": 0
   }
},
{
   "model": "cyd.notahito",
   "pk": 871,
   "fields": {
      "asignacion": 439,
      "cr_hito": 1,
      "nota": 0
   }
},
{
   "model": "cyd.notahito",
   "pk": 872,
   "fields": {
      "asignacion": 439,
      "cr_hito": 2,
      "nota": 0
   }
},
{
   "model": "cyd.notahito",
   "pk": 875,
   "fields": {
      "asignacion": 441,
      "cr_hito": 1,
      "nota": 0
   }
},
{
   "model": "cyd.notahito",
   "pk": 876,
   "fields": {
      "asignacion": 441,
      "cr_hito": 2,
      "nota": 0
   }
},
{
   "model": "cyd.notahito",
   "pk": 881,
   "fields": {
      "asignacion": 444,
      "cr_hito": 1,
      "nota": 0
   }
},
{
   "model": "cyd.notahito",
   "pk": 882,
   "fields": {
      "asignacion": 444,
      "cr_hito": 2,
      "nota": 0
   }
},
{
   "model": "mye.cooperante",
   "pk": 1,
   "fields": {
      "nombre": "CODISA"
   }
},
{
   "model": "mye.cooperante",
   "pk": 2,
   "fields": {
      "nombre": "CEMACO"
   }
},
{
   "model": "mye.cooperante",
   "pk": 3,
   "fields": {
      "nombre": "PEPSI"
   }
},
{
   "model": "mye.proyecto",
   "pk": 1,
   "fields": {
      "nombre": "KHAN"
   }
},
{
   "model": "mye.requisito",
   "pk": 1,
   "fields": {
      "nombre": "Puerta de metal"
   }
},
{
   "model": "mye.requisito",
   "pk": 2,
   "fields": {
      "nombre": "Ventanas con vidrio"
   }
},
{
   "model": "mye.requisito",
   "pk": 3,
   "fields": {
      "nombre": "Balcones"
   }
},
{
   "model": "mye.requisito",
   "pk": 4,
   "fields": {
      "nombre": "Piso de cemento"
   }
},
{
   "model": "mye.requisito",
   "pk": 5,
   "fields": {
      "nombre": "Fluido el\u00e9ctrico (cable calibre 12)"
   }
},
{
   "model": "mye.requisito",
   "pk": 6,
   "fields": {
      "nombre": "Tierra f\u00edsica"
   }
},
{
   "model": "mye.requisito",
   "pk": 7,
   "fields": {
      "nombre": "Distribuci\u00f3n el\u00e9ctrica"
   }
},
{
   "model": "mye.requisito",
   "pk": 8,
   "fields": {
      "nombre": "Tablero el\u00e9ctrico (1 flip\u00f3n de 20A por cada 8)"
   }
},
{
   "model": "mye.requisito",
   "pk": 9,
   "fields": {
      "nombre": "Muebles para computadora (escritorios y sillas)"
   }
},
{
   "model": "mye.requisito",
   "pk": 10,
   "fields": {
      "nombre": "Cobertores para computadoras"
   }
},
{
   "model": "mye.requisito",
   "pk": 11,
   "fields": {
      "nombre": "UPS 750VA de 4 salidas con bater\u00eda"
   }
},
{
   "model": "mye.solicitudversion",
   "pk": 1,
   "fields": {
      "nombre": "Laboratorio",
      "requisito": [
         1,
         2,
         3,
         4,
         5,
         6,
         7,
         8,
         9,
         10,
         11
      ]
   }
},
{
   "model": "mye.medio",
   "pk": 1,
   "fields": {
      "medio": "Capacitaci\u00f3n"
   }
},
{
   "model": "mye.medio",
   "pk": 2,
   "fields": {
      "medio": "Internet"
   }
},
{
   "model": "mye.medio",
   "pk": 3,
   "fields": {
      "medio": "TV"
   }
},
{
   "model": "mye.medio",
   "pk": 4,
   "fields": {
      "medio": "Medio escrito"
   }
},
{
   "model": "mye.medio",
   "pk": 5,
   "fields": {
      "medio": "Twitter"
   }
},
{
   "model": "mye.medio",
   "pk": 6,
   "fields": {
      "medio": "Radio"
   }
},
{
   "model": "mye.medio",
   "pk": 7,
   "fields": {
      "medio": "Facebook"
   }
},
{
   "model": "mye.medio",
   "pk": 8,
   "fields": {
      "medio": "P\u00e1gina de FUNSEPA"
   }
},
{
   "model": "mye.medio",
   "pk": 9,
   "fields": {
      "medio": "Gol por la educaci\u00f3n"
   }
},
{
   "model": "mye.medio",
   "pk": 10,
   "fields": {
      "medio": "Otros"
   }
},
{
   "model": "mye.solicitud",
   "pk": 1,
   "fields": {
      "version": 1,
      "formulario": true,
      "escuela": 1,
      "fecha": "2017-03-03",
      "jornada": 2,
      "edf": true,
      "lab_actual": true,
      "poblacion": 1,
      "observacion": "",
      "requisito": [],
      "medio": []
   }
},
{
   "model": "mye.solicitud",
   "pk": 2,
   "fields": {
      "version": 1,
      "formulario": false,
      "escuela": 1,
      "fecha": "2017-03-03",
      "jornada": 1,
      "edf": false,
      "lab_actual": false,
      "poblacion": 2,
      "observacion": null,
      "requisito": [],
      "medio": []
   }
},
{
   "model": "mye.solicitud",
   "pk": 3,
   "fields": {
      "version": 1,
      "formulario": true,
      "escuela": 1,
      "fecha": "2017-03-03",
      "jornada": 2,
      "edf": true,
      "lab_actual": true,
      "poblacion": 1,
      "observacion": "",
      "requisito": [
         1,
         2,
         3,
         4,
         5,
         7
      ],
      "medio": [
         1
      ]
   }
},
{
   "model": "mye.solicitud",
   "pk": 4,
   "fields": {
      "version": 1,
      "formulario": false,
      "escuela": 1,
      "fecha": "2017-03-03",
      "jornada": 1,
      "edf": false,
      "lab_actual": false,
      "poblacion": 2,
      "observacion": null,
      "requisito": [],
      "medio": []
   }
},
{
   "model": "mye.solicitud",
   "pk": 5,
   "fields": {
      "version": 1,
      "formulario": true,
      "escuela": 1,
      "fecha": "2017-03-03",
      "jornada": 2,
      "edf": true,
      "lab_actual": true,
      "poblacion": 1,
      "observacion": "",
      "requisito": [],
      "medio": []
   }
},
{
   "model": "mye.solicitud",
   "pk": 6,
   "fields": {
      "version": 1,
      "formulario": false,
      "escuela": 1,
      "fecha": "2017-03-03",
      "jornada": 1,
      "edf": false,
      "lab_actual": false,
      "poblacion": 2,
      "observacion": null,
      "requisito": [
         8,
         9,
         10,
         6,
         7
      ],
      "medio": [
         6,
         1
      ]
   }
},
{
   "model": "mye.solicitud",
   "pk": 7,
   "fields": {
      "version": 1,
      "formulario": true,
      "escuela": 1,
      "fecha": "2017-03-03",
      "jornada": 2,
      "edf": true,
      "lab_actual": true,
      "poblacion": 1,
      "observacion": "",
      "requisito": [],
      "medio": []
   }
},
{
   "model": "mye.solicitud",
   "pk": 8,
   "fields": {
      "version": 1,
      "formulario": false,
      "escuela": 1,
      "fecha": "2017-03-03",
      "jornada": 1,
      "edf": false,
      "lab_actual": false,
      "poblacion": 2,
      "observacion": null,
      "requisito": [],
      "medio": []
   }
},
{
   "model": "mye.solicitud",
   "pk": 9,
   "fields": {
      "version": 1,
      "formulario": true,
      "escuela": 1,
      "fecha": "2017-03-03",
      "jornada": 2,
      "edf": true,
      "lab_actual": true,
      "poblacion": 1,
      "observacion": "",
      "requisito": [],
      "medio": []
   }
},
{
   "model": "mye.solicitud",
   "pk": 10,
   "fields": {
      "version": 1,
      "formulario": false,
      "escuela": 1,
      "fecha": "2017-03-03",
      "jornada": 1,
      "edf": false,
      "lab_actual": false,
      "poblacion": 2,
      "observacion": null,
      "requisito": [],
      "medio": []
   }
},
{
   "model": "mye.solicitud",
   "pk": 639,
   "fields": {
      "version": 1,
      "formulario": false,
      "escuela": 2,
      "fecha": "2017-09-05",
      "jornada": 1,
      "edf": false,
      "lab_actual": false,
      "poblacion": 24,
      "observacion": "",
      "requisito": [
         1,
         5,
         6
      ],
      "medio": []
   }
},
{
   "model": "mye.solicitud",
   "pk": 640,
   "fields": {
      "version": 1,
      "formulario": true,
      "escuela": 9,
      "fecha": "2017-09-28",
      "jornada": 1,
      "edf": false,
      "lab_actual": false,
      "poblacion": 27,
      "observacion": "",
      "requisito": [
         1,
         2,
         3
      ],
      "medio": [
         1
      ]
   }
},
{
   "model": "mye.validacionversion",
   "pk": 1,
   "fields": {
      "nombre": "Laboratiorio 2017",
      "requisito": [
         1,
         2,
         3,
         4,
         5,
         6,
         7,
         8,
         9,
         10,
         11
      ]
   }
},
{
   "model": "mye.validacionversion",
   "pk": 2,
   "fields": {
      "nombre": "Sin requisitos",
      "requisito": []
   }
},
{
   "model": "mye.validaciontipo",
   "pk": 1,
   "fields": {
      "nombre": "Visita"
   }
},
{
   "model": "mye.validaciontipo",
   "pk": 2,
   "fields": {
      "nombre": "Remota"
   }
},
{
   "model": "mye.validaciontipo",
   "pk": 3,
   "fields": {
      "nombre": "N/A"
   }
},
{
   "model": "mye.validacion",
   "pk": 1,
   "fields": {
      "version": 1,
      "tipo": 1,
      "escuela": 1,
      "fecha_inicio": "2017-02-24",
      "fecha_final": null,
      "jornada": 1,
      "fecha_equipamiento": "2015-12-12",
      "fotos_link": null,
      "poblacion": null,
      "observacion": "",
      "completada": false,
      "requisito": [
         1,
         2,
         3,
         4,
         5,
         6
      ]
   }
},
{
   "model": "mye.validacion",
   "pk": 2,
   "fields": {
      "version": 1,
      "tipo": 1,
      "escuela": 1,
      "fecha_inicio": "2017-02-24",
      "fecha_final": null,
      "jornada": 1,
      "fecha_equipamiento": null,
      "fotos_link": "https://drive.google.com/drive/folders/0BzMF-dfOqHiKb3BncVFPQnpiWEE",
      "poblacion": 1,
      "observacion": "",
      "completada": false,
      "requisito": [
         1,
         4,
         6
      ]
   }
},
{
   "model": "mye.validacion",
   "pk": 3,
   "fields": {
      "version": 1,
      "tipo": 1,
      "escuela": 2,
      "fecha_inicio": "2017-03-17",
      "fecha_final": null,
      "jornada": 1,
      "fecha_equipamiento": null,
      "fotos_link": null,
      "poblacion": null,
      "observacion": "",
      "completada": true,
      "requisito": []
   }
},
{
   "model": "mye.validacion",
   "pk": 4,
   "fields": {
      "version": 1,
      "tipo": 2,
      "escuela": 4,
      "fecha_inicio": "2017-03-20",
      "fecha_final": null,
      "jornada": 1,
      "fecha_equipamiento": "2017-04-28",
      "fotos_link": null,
      "poblacion": null,
      "observacion": "asddsa",
      "completada": false,
      "requisito": [
         1,
         5,
         7
      ]
   }
},
{
   "model": "mye.validacion",
   "pk": 5,
   "fields": {
      "version": 1,
      "tipo": 1,
      "escuela": 5,
      "fecha_inicio": "2017-03-20",
      "fecha_final": null,
      "jornada": 2,
      "fecha_equipamiento": null,
      "fotos_link": null,
      "poblacion": null,
      "observacion": "vamos a trabajar con el cocode",
      "completada": true,
      "requisito": [
         1,
         2,
         3,
         4,
         5,
         6,
         7,
         11,
         8,
         9,
         10
      ]
   }
},
{
   "model": "mye.validacion",
   "pk": 6,
   "fields": {
      "version": 1,
      "tipo": 2,
      "escuela": 3,
      "fecha_inicio": "2017-03-21",
      "fecha_final": null,
      "jornada": 1,
      "fecha_equipamiento": null,
      "fotos_link": "",
      "poblacion": 21,
      "observacion": "5ewrtewgtfe",
      "completada": false,
      "requisito": [
         4,
         9,
         8
      ]
   }
},
{
   "model": "mye.validacion",
   "pk": 7,
   "fields": {
      "version": 1,
      "tipo": 1,
      "escuela": 5,
      "fecha_inicio": "2017-04-20",
      "fecha_final": "2017-04-27",
      "jornada": 1,
      "fecha_equipamiento": "2017-04-06",
      "fotos_link": null,
      "poblacion": 22,
      "observacion": "",
      "completada": true,
      "requisito": [
         8,
         3,
         6
      ]
   }
},
{
   "model": "mye.validacion",
   "pk": 8,
   "fields": {
      "version": 1,
      "tipo": 2,
      "escuela": 2,
      "fecha_inicio": "2017-09-05",
      "fecha_final": null,
      "jornada": 1,
      "fecha_equipamiento": null,
      "fotos_link": "",
      "poblacion": 25,
      "observacion": "",
      "completada": false,
      "requisito": [
         9,
         3,
         7
      ]
   }
},
{
   "model": "mye.validacion",
   "pk": 9,
   "fields": {
      "version": 1,
      "tipo": 1,
      "escuela": 9,
      "fecha_inicio": "2017-10-16",
      "fecha_final": null,
      "jornada": 1,
      "fecha_equipamiento": "2017-10-19",
      "fotos_link": "",
      "poblacion": 28,
      "observacion": "",
      "completada": false,
      "requisito": [
         1,
         2,
         3,
         4,
         8,
         9
      ]
   }
},
{
   "model": "mye.validacioncomentario",
   "pk": 1,
   "fields": {
      "validacion": 2,
      "comentario": "Se llam\u00f3 a la escuela para el contacto",
      "usuario": 1,
      "fecha": "2017-02-24T21:22:18.781Z"
   }
},
{
   "model": "mye.validacioncomentario",
   "pk": 2,
   "fields": {
      "validacion": 2,
      "comentario": "La escuela consigui\u00f3 los UPS",
      "usuario": 1,
      "fecha": "2017-02-24T21:22:34.120Z"
   }
},
{
   "model": "mye.validacioncomentario",
   "pk": 3,
   "fields": {
      "validacion": 2,
      "comentario": "La escuela se pudo ya tiene tierra f\u00edsica",
      "usuario": 1,
      "fecha": "2017-02-24T21:23:58.026Z"
   }
},
{
   "model": "mye.validacioncomentario",
   "pk": 4,
   "fields": {
      "validacion": 5,
      "comentario": "La escuela ya consigui\u00f3 los UPS",
      "usuario": 1,
      "fecha": "2017-03-20T21:09:23.449Z"
   }
},
{
   "model": "mye.validacioncomentario",
   "pk": 5,
   "fields": {
      "validacion": 5,
      "comentario": "la escuela ya consigui\u00f3 todo :)",
      "usuario": 1,
      "fecha": "2017-03-20T21:09:53.066Z"
   }
},
{
   "model": "mye.validacioncomentario",
   "pk": 6,
   "fields": {
      "validacion": 6,
      "comentario": "Sigue  sin gestionar requisitos. ",
      "usuario": 1,
      "fecha": "2017-10-16T14:42:34.597Z"
   }
},
{
   "model": "tpe.equipamientoestado",
   "pk": 1,
   "fields": {
      "estado": "Entregado"
   }
},
{
   "model": "tpe.equipamientoestado",
   "pk": 2,
   "fields": {
      "estado": "No entregado"
   }
},
{
   "model": "tpe.equipamientotipored",
   "pk": 1,
   "fields": {
      "tipo": "Cableada"
   }
},
{
   "model": "tpe.equipamientotipored",
   "pk": 2,
   "fields": {
      "tipo": "Inal\u00e1mbrica"
   }
},
{
   "model": "tpe.equipamiento",
   "pk": 1,
   "fields": {
      "estado": 1,
      "escuela": 1,
      "fecha": "2017-03-03",
      "observacion": "",
      "renovacion": false,
      "servidor_khan": false,
      "servidor_os": null,
      "cantidad_equipo": 0,
      "equipo_os": null,
      "red": false,
      "tipo_red": null,
      "fotos": false,
      "fotos_link": "https://drive.google.com/drive/folders/0BzMF-dfOqHiKb3BncVFPQnpiWEE",
      "manual": false,
      "edulibre": false,
      "carta": false,
      "poblacion": 1,
      "cooperante": [
         1,
         3
      ],
      "proyecto": [
         1
      ]
   }
},
{
   "model": "tpe.equipamiento",
   "pk": 2,
   "fields": {
      "estado": 1,
      "escuela": 1,
      "fecha": "2017-03-30",
      "observacion": "",
      "renovacion": false,
      "servidor_khan": false,
      "servidor_os": null,
      "cantidad_equipo": 0,
      "equipo_os": null,
      "red": false,
      "tipo_red": null,
      "fotos": false,
      "fotos_link": "",
      "manual": false,
      "edulibre": false,
      "carta": false,
      "poblacion": null,
      "cooperante": [
         2,
         3
      ],
      "proyecto": []
   }
},
{
   "model": "tpe.equipamiento",
   "pk": 4,
   "fields": {
      "estado": 1,
      "escuela": 1,
      "fecha": "2017-03-03",
      "observacion": "",
      "renovacion": false,
      "servidor_khan": false,
      "servidor_os": null,
      "cantidad_equipo": 0,
      "equipo_os": null,
      "red": false,
      "tipo_red": null,
      "fotos": false,
      "fotos_link": "",
      "manual": false,
      "edulibre": false,
      "carta": false,
      "poblacion": null,
      "cooperante": [
         2
      ],
      "proyecto": []
   }
},
{
   "model": "tpe.equipamiento",
   "pk": 5,
   "fields": {
      "estado": 1,
      "escuela": 1,
      "fecha": "2017-03-03",
      "observacion": "",
      "renovacion": true,
      "servidor_khan": false,
      "servidor_os": null,
      "cantidad_equipo": 0,
      "equipo_os": null,
      "red": false,
      "tipo_red": null,
      "fotos": false,
      "fotos_link": "",
      "manual": false,
      "edulibre": false,
      "carta": false,
      "poblacion": null,
      "cooperante": [],
      "proyecto": []
   }
},
{
   "model": "tpe.equipamiento",
   "pk": 7,
   "fields": {
      "estado": 1,
      "escuela": 1,
      "fecha": "2017-03-03",
      "observacion": "",
      "renovacion": false,
      "servidor_khan": false,
      "servidor_os": null,
      "cantidad_equipo": 0,
      "equipo_os": null,
      "red": false,
      "tipo_red": null,
      "fotos": false,
      "fotos_link": "",
      "manual": false,
      "edulibre": false,
      "carta": false,
      "poblacion": 1,
      "cooperante": [],
      "proyecto": []
   }
},
{
   "model": "tpe.equipamiento",
   "pk": 8,
   "fields": {
      "estado": 1,
      "escuela": 1,
      "fecha": "2017-03-03",
      "observacion": "",
      "renovacion": false,
      "servidor_khan": false,
      "servidor_os": null,
      "cantidad_equipo": 0,
      "equipo_os": null,
      "red": false,
      "tipo_red": null,
      "fotos": false,
      "fotos_link": null,
      "manual": false,
      "edulibre": false,
      "carta": false,
      "poblacion": null,
      "cooperante": [],
      "proyecto": []
   }
},
{
   "model": "tpe.equipamiento",
   "pk": 10,
   "fields": {
      "estado": 1,
      "escuela": 1,
      "fecha": "2017-04-03",
      "observacion": "",
      "renovacion": false,
      "servidor_khan": false,
      "servidor_os": null,
      "cantidad_equipo": 21,
      "equipo_os": null,
      "red": false,
      "tipo_red": null,
      "fotos": false,
      "fotos_link": "",
      "manual": false,
      "edulibre": false,
      "carta": false,
      "poblacion": null,
      "cooperante": [],
      "proyecto": []
   }
},
{
   "model": "tpe.equipamiento",
   "pk": 900,
   "fields": {
      "estado": 1,
      "escuela": 2,
      "fecha": "2017-09-05",
      "observacion": "",
      "renovacion": false,
      "servidor_khan": false,
      "servidor_os": null,
      "cantidad_equipo": 0,
      "equipo_os": null,
      "red": false,
      "tipo_red": null,
      "fotos": false,
      "fotos_link": "",
      "manual": false,
      "edulibre": false,
      "carta": false,
      "poblacion": null,
      "cooperante": [],
      "proyecto": []
   }
},
{
   "model": "tpe.equipamiento",
   "pk": 901,
   "fields": {
      "estado": 1,
      "escuela": 2,
      "fecha": "2017-09-05",
      "observacion": "",
      "renovacion": false,
      "servidor_khan": false,
      "servidor_os": null,
      "cantidad_equipo": 0,
      "equipo_os": null,
      "red": false,
      "tipo_red": null,
      "fotos": false,
      "fotos_link": "",
      "manual": false,
      "edulibre": false,
      "carta": false,
      "poblacion": null,
      "cooperante": [],
      "proyecto": []
   }
},
{
   "model": "tpe.equipamiento",
   "pk": 974,
   "fields": {
      "estado": 1,
      "escuela": 8,
      "fecha": "2017-05-05",
      "observacion": "",
      "renovacion": true,
      "servidor_khan": false,
      "servidor_os": null,
      "cantidad_equipo": 1,
      "equipo_os": null,
      "red": false,
      "tipo_red": null,
      "fotos": false,
      "fotos_link": "",
      "manual": false,
      "edulibre": false,
      "carta": false,
      "poblacion": null,
      "cooperante": [],
      "proyecto": []
   }
},
{
   "model": "tpe.equipamiento",
   "pk": 1538,
   "fields": {
      "estado": 1,
      "escuela": 9,
      "fecha": "2017-10-19",
      "observacion": "",
      "renovacion": false,
      "servidor_khan": true,
      "servidor_os": null,
      "cantidad_equipo": 17,
      "equipo_os": null,
      "red": true,
      "tipo_red": 2,
      "fotos": true,
      "fotos_link": "",
      "manual": true,
      "edulibre": true,
      "carta": true,
      "poblacion": 28,
      "cooperante": [
         1
      ],
      "proyecto": [
         1
      ]
   }
},
{
   "model": "tpe.garantia",
   "pk": 1,
   "fields": {
      "equipamiento": 4,
      "fecha_vencimiento": "2017-04-27",
      "por_funsepa": true
   }
},
{
   "model": "tpe.garantia",
   "pk": 5,
   "fields": {
      "equipamiento": 5,
      "fecha_vencimiento": null,
      "por_funsepa": false
   }
},
{
   "model": "tpe.garantia",
   "pk": 10,
   "fields": {
      "equipamiento": 10,
      "fecha_vencimiento": null,
      "por_funsepa": false
   }
},
{
   "model": "tpe.garantia",
   "pk": 22,
   "fields": {
      "equipamiento": 7,
      "fecha_vencimiento": null,
      "por_funsepa": false
   }
},
{
   "model": "tpe.garantia",
   "pk": 900,
   "fields": {
      "equipamiento": 900,
      "fecha_vencimiento": "2018-03-15",
      "por_funsepa": true
   }
},
{
   "model": "tpe.ticketsoporte",
   "pk": 1,
   "fields": {
      "garantia": 1,
      "fecha_abierto": "2017-04-07",
      "abierto_por": 1,
      "descripcion": "No sirve",
      "cerrado": true,
      "fecha_cierre": "2017-04-07",
      "cerrado_por": 1,
      "contacto_reporta": null
   }
},
{
   "model": "tpe.ticketsoporte",
   "pk": 2,
   "fields": {
      "garantia": 1,
      "fecha_abierto": "2017-04-07",
      "abierto_por": 1,
      "descripcion": "Prueba",
      "cerrado": true,
      "fecha_cierre": "2017-04-20",
      "cerrado_por": 1,
      "contacto_reporta": null
   }
},
{
   "model": "tpe.ticketsoporte",
   "pk": 3,
   "fields": {
      "garantia": 1,
      "fecha_abierto": "2017-04-07",
      "abierto_por": 1,
      "descripcion": "Otro chunche",
      "cerrado": true,
      "fecha_cierre": "2017-04-20",
      "cerrado_por": 1,
      "contacto_reporta": null
   }
},
{
   "model": "tpe.ticketsoporte",
   "pk": 4,
   "fields": {
      "garantia": 1,
      "fecha_abierto": "2017-04-20",
      "abierto_por": 1,
      "descripcion": "No sirve....",
      "cerrado": false,
      "fecha_cierre": null,
      "cerrado_por": null,
      "contacto_reporta": 12
   }
},
{
   "model": "tpe.ticketsoporte",
   "pk": 9,
   "fields": {
      "garantia": 1,
      "fecha_abierto": "2017-06-12",
      "abierto_por": 1,
      "descripcion": "Algo falla",
      "cerrado": false,
      "fecha_cierre": null,
      "cerrado_por": null,
      "contacto_reporta": null
   }
},
{
   "model": "tpe.ticketsoporte",
   "pk": 10,
   "fields": {
      "garantia": 5,
      "fecha_abierto": "2017-08-30",
      "abierto_por": 1,
      "descripcion": "No sirve",
      "cerrado": false,
      "fecha_cierre": null,
      "cerrado_por": null,
      "contacto_reporta": null
   }
},
{
   "model": "tpe.ticketsoporte",
   "pk": 11,
   "fields": {
      "garantia": 900,
      "fecha_abierto": "2017-09-05",
      "abierto_por": 1,
      "descripcion": "kjljlkj lkjlkj lkj kll",
      "cerrado": false,
      "fecha_cierre": null,
      "cerrado_por": null,
      "contacto_reporta": null
   }
},
{
   "model": "tpe.ticketregistrotipo",
   "pk": 1,
   "fields": {
      "tipo": "Llamada de soporte"
   }
},
{
   "model": "tpe.ticketregistrotipo",
   "pk": 2,
   "fields": {
      "tipo": "Visita t\u00e9cnica"
   }
},
{
   "model": "tpe.ticketregistrotipo",
   "pk": 3,
   "fields": {
      "tipo": "Recepci\u00f3n de equipo"
   }
},
{
   "model": "tpe.ticketregistrotipo",
   "pk": 4,
   "fields": {
      "tipo": "Env\u00edo de equipo"
   }
},
{
   "model": "tpe.ticketregistrotipo",
   "pk": 5,
   "fields": {
      "tipo": "Reparaci\u00f3n interna"
   }
},
{
   "model": "tpe.ticketregistro",
   "pk": 1,
   "fields": {
      "tipo": 1,
      "ticket": 2,
      "fecha": "2017-04-07",
      "creado_por": 1,
      "descripcion": "asd",
      "foto": ""
   }
},
{
   "model": "tpe.ticketregistro",
   "pk": 2,
   "fields": {
      "tipo": 2,
      "ticket": 2,
      "fecha": "2017-04-07",
      "creado_por": 1,
      "descripcion": "Fuimos a ver la escuela y Chepe se trajo a un ni\u00f1o de regreso. Al parecer es hijo suyo",
      "foto": ""
   }
},
{
   "model": "tpe.ticketregistro",
   "pk": 3,
   "fields": {
      "tipo": 1,
      "ticket": 2,
      "fecha": "2017-04-17",
      "creado_por": 1,
      "descripcion": "La computadora no enciende",
      "foto": ""
   }
},
{
   "model": "tpe.ticketregistro",
   "pk": 6,
   "fields": {
      "tipo": 2,
      "ticket": 4,
      "fecha": "2017-06-02",
      "creado_por": 1,
      "descripcion": "Visita",
      "foto": "http://192.168.2.142:8000/"
   }
},
{
   "model": "tpe.ticketregistro",
   "pk": 7,
   "fields": {
      "tipo": 2,
      "ticket": 4,
      "fecha": "2017-06-02",
      "creado_por": 1,
      "descripcion": "fdsfsd",
      "foto": "http://fontawesome.io/icons/"
   }
},
{
   "model": "tpe.ticketregistro",
   "pk": 8,
   "fields": {
      "tipo": 3,
      "ticket": 9,
      "fecha": "2017-09-27",
      "creado_por": 1,
      "descripcion": "Hoy se recibi\u00f3 el equipo",
      "foto": ""
   }
},
{
   "model": "tpe.ticketregistro",
   "pk": 9,
   "fields": {
      "tipo": 4,
      "ticket": 9,
      "fecha": "2017-09-28",
      "creado_por": 1,
      "descripcion": "Se envi\u00f3 el equipo de vuelta",
      "foto": ""
   }
},
{
   "model": "tpe.tickettransportetipo",
   "pk": 1,
   "fields": {
      "tipo": "Recepci\u00f3n por Guatex"
   }
},
{
   "model": "tpe.tickettransportetipo",
   "pk": 2,
   "fields": {
      "tipo": "Env\u00edo por Guatex"
   }
},
{
   "model": "tpe.tickettransportetipo",
   "pk": 3,
   "fields": {
      "tipo": "Pasaje"
   }
},
{
   "model": "tpe.tickettransportetipo",
   "pk": 4,
   "fields": {
      "tipo": "Alquiler Panel"
   }
},
{
   "model": "tpe.tickettransportetipo",
   "pk": 5,
   "fields": {
      "tipo": "Alquiler cami\u00f3n"
   }
},
{
   "model": "tpe.tickettransportetipo",
   "pk": 6,
   "fields": {
      "tipo": "Alquiler sed\u00e1n"
   }
},
{
   "model": "tpe.tickettransportetipo",
   "pk": 7,
   "fields": {
      "tipo": "Personal de Funsepa"
   }
},
{
   "model": "tpe.tickettransportetipo",
   "pk": 8,
   "fields": {
      "tipo": "Personal de la escuela"
   }
},
{
   "model": "tpe.tickettransporte",
   "pk": 1,
   "fields": {
      "tipo": 3,
      "ticket": 2,
      "costo": "7.00",
      "fecha": "2017-04-20",
      "usuario": 1,
      "comentario": "De guate a chimal"
   }
},
{
   "model": "tpe.tickettransporte",
   "pk": 2,
   "fields": {
      "tipo": 6,
      "ticket": 2,
      "costo": "200.00",
      "fecha": "2017-04-20",
      "usuario": 2,
      "comentario": "De guate a san lucas"
   }
},
{
   "model": "tpe.tickettransporte",
   "pk": 3,
   "fields": {
      "tipo": 2,
      "ticket": 2,
      "costo": "50.00",
      "fecha": "2017-04-20",
      "usuario": null,
      "comentario": "Lo mand\u00f3 la escuela"
   }
},
{
   "model": "tpe.tickettransporte",
   "pk": 7,
   "fields": {
      "tipo": 2,
      "ticket": 4,
      "costo": "35.00",
      "fecha": "2017-04-24",
      "usuario": null,
      "comentario": ""
   }
},
{
   "model": "tpe.tickettransporte",
   "pk": 8,
   "fields": {
      "tipo": 3,
      "ticket": 9,
      "costo": "100.00",
      "fecha": "2017-06-12",
      "usuario": 1,
      "comentario": ""
   }
},
{
   "model": "tpe.dispositivotipo",
   "pk": 1,
   "fields": {
      "tipo": "Mouse"
   }
},
{
   "model": "tpe.dispositivotipo",
   "pk": 2,
   "fields": {
      "tipo": "Tarjeta ram"
   }
},
{
   "model": "tpe.ticketreparaciontipo",
   "pk": 1,
   "fields": {
      "tipo": "Cancelada"
   }
},
{
   "model": "tpe.ticketreparaciontipo",
   "pk": 2,
   "fields": {
      "tipo": "Reparada por t\u00e9cnico"
   }
},
{
   "model": "tpe.ticketreparaciontipo",
   "pk": 3,
   "fields": {
      "tipo": "Reparaci\u00f3n remota"
   }
},
{
   "model": "tpe.ticketreparacionestado",
   "pk": 1,
   "fields": {
      "estado": "Pendiente"
   }
},
{
   "model": "tpe.ticketreparacionestado",
   "pk": 2,
   "fields": {
      "estado": "Completa"
   }
},
{
   "model": "tpe.ticketreparacionestado",
   "pk": 3,
   "fields": {
      "estado": "Cancelada"
   }
},
{
   "model": "tpe.ticketreparacion",
   "pk": 1,
   "fields": {
      "ticket": 2,
      "triage": 123,
      "tipo_dispositivo": 1,
      "tecnico_asignado": 1,
      "estado": 1,
      "falla_reportada": "Se arruinaron los clicks",
      "falla_encontrada": "Ahora ya no sirve",
      "solucion_tipo": 2,
      "solucion_detalle": "La arregl\u00e9 chilero vaa vos",
      "fecha_inicio": "2017-04-07",
      "fecha_fin": "2017-04-19"
   }
},
{
   "model": "tpe.ticketreparacion",
   "pk": 2,
   "fields": {
      "ticket": 2,
      "triage": 123465,
      "tipo_dispositivo": 2,
      "tecnico_asignado": 1,
      "estado": 3,
      "falla_reportada": "Que no sirve esa cosa",
      "falla_encontrada": "",
      "solucion_tipo": 1,
      "solucion_detalle": "",
      "fecha_inicio": "2017-04-07",
      "fecha_fin": "2017-04-20"
   }
},
{
   "model": "tpe.ticketreparacion",
   "pk": 3,
   "fields": {
      "ticket": 2,
      "triage": 2525,
      "tipo_dispositivo": 1,
      "tecnico_asignado": 1,
      "estado": 2,
      "falla_reportada": "No tiene bolita",
      "falla_encontrada": "",
      "solucion_tipo": 2,
      "solucion_detalle": "",
      "fecha_inicio": "2017-04-17",
      "fecha_fin": "2017-04-20"
   }
},
{
   "model": "tpe.ticketreparacion",
   "pk": 4,
   "fields": {
      "ticket": 2,
      "triage": 1254,
      "tipo_dispositivo": 2,
      "tecnico_asignado": 1,
      "estado": 2,
      "falla_reportada": "No sirve xD",
      "falla_encontrada": "En realidad no serv\u00eda",
      "solucion_tipo": 2,
      "solucion_detalle": "Se cambi\u00f3 la memoria",
      "fecha_inicio": "2017-04-20",
      "fecha_fin": "2017-04-20"
   }
},
{
   "model": "tpe.ticketreparacion",
   "pk": 5,
   "fields": {
      "ticket": 3,
      "triage": 2525,
      "tipo_dispositivo": 1,
      "tecnico_asignado": 1,
      "estado": 3,
      "falla_reportada": "Se le arruinaron los clicks",
      "falla_encontrada": "Se cambio el disco duro y este no tuvo costo alguno porque el disco duro  tambi\u00e9n tenia garant\u00eda con nuestro proveedor.\r\nEl disco duro fue enviado por medio de la Licda. Eugenia para entreg\u00e1rselo  a  Gustavo",
      "solucion_tipo": null,
      "solucion_detalle": "el dispositivo tiene un da\u00f1o en la pantalla el cual no afecta el funcionamiento del dispositivo. realizando su respectiva revisi\u00f3n y limpieza.",
      "fecha_inicio": "2017-04-20",
      "fecha_fin": null
   }
},
{
   "model": "tpe.ticketreparacion",
   "pk": 13,
   "fields": {
      "ticket": 4,
      "triage": 25,
      "tipo_dispositivo": 2,
      "tecnico_asignado": 1,
      "estado": 1,
      "falla_reportada": "asdasd",
      "falla_encontrada": null,
      "solucion_tipo": null,
      "solucion_detalle": null,
      "fecha_inicio": "2017-04-24",
      "fecha_fin": null
   }
},
{
   "model": "tpe.ticketreparacion",
   "pk": 14,
   "fields": {
      "ticket": 4,
      "triage": 25,
      "tipo_dispositivo": 1,
      "tecnico_asignado": 1,
      "estado": 3,
      "falla_reportada": "asda",
      "falla_encontrada": "asdasd",
      "solucion_tipo": null,
      "solucion_detalle": "jkhkjhkj",
      "fecha_inicio": "2017-04-24",
      "fecha_fin": null
   }
},
{
   "model": "tpe.ticketreparacion",
   "pk": 15,
   "fields": {
      "ticket": 4,
      "triage": 63,
      "tipo_dispositivo": 1,
      "tecnico_asignado": 1,
      "estado": 1,
      "falla_reportada": "asdas",
      "falla_encontrada": null,
      "solucion_tipo": null,
      "solucion_detalle": null,
      "fecha_inicio": "2017-04-24",
      "fecha_fin": null
   }
},
{
   "model": "tpe.ticketreparacion",
   "pk": 16,
   "fields": {
      "ticket": 4,
      "triage": 123,
      "tipo_dispositivo": 2,
      "tecnico_asignado": 1,
      "estado": 1,
      "falla_reportada": "12131132",
      "falla_encontrada": null,
      "solucion_tipo": null,
      "solucion_detalle": null,
      "fecha_inicio": "2017-04-24",
      "fecha_fin": null
   }
},
{
   "model": "tpe.ticketreparacion",
   "pk": 18,
   "fields": {
      "ticket": 4,
      "triage": 12313,
      "tipo_dispositivo": 1,
      "tecnico_asignado": 1,
      "estado": 3,
      "falla_reportada": "12313213",
      "falla_encontrada": "g jfkldg lkdf gldfg\r\ndg\r\nfdg\r\nfdg\r\ndf\r\ngdf\r\ng\r\ndfg\r\ndf\r\ngdf\r\ng\r\ndfg\r\ndf\r\ng\r\ndfg\r\ndf\r\ngdf",
      "solucion_tipo": null,
      "solucion_detalle": "",
      "fecha_inicio": "2017-06-02",
      "fecha_fin": null
   }
},
{
   "model": "tpe.ticketreparacion",
   "pk": 19,
   "fields": {
      "ticket": 4,
      "triage": 456789,
      "tipo_dispositivo": 2,
      "tecnico_asignado": 1,
      "estado": 3,
      "falla_reportada": "12313213",
      "falla_encontrada": "fdsf\r\nfd\r\nfsd\r\nfsd\r\nf\r\nsdf\r\nsdf\r\nsdf\r\nsd\r\nfs",
      "solucion_tipo": null,
      "solucion_detalle": "",
      "fecha_inicio": "2017-06-02",
      "fecha_fin": null
   }
},
{
   "model": "tpe.ticketreparacion",
   "pk": 20,
   "fields": {
      "ticket": 4,
      "triage": 78946,
      "tipo_dispositivo": 1,
      "tecnico_asignado": 1,
      "estado": 1,
      "falla_reportada": "456465",
      "falla_encontrada": null,
      "solucion_tipo": null,
      "solucion_detalle": null,
      "fecha_inicio": "2017-06-02",
      "fecha_fin": null
   }
},
{
   "model": "tpe.ticketreparacion",
   "pk": 21,
   "fields": {
      "ticket": 4,
      "triage": 4578,
      "tipo_dispositivo": 2,
      "tecnico_asignado": 1,
      "estado": 1,
      "falla_reportada": "5456798",
      "falla_encontrada": null,
      "solucion_tipo": null,
      "solucion_detalle": null,
      "fecha_inicio": "2017-06-02",
      "fecha_fin": null
   }
},
{
   "model": "tpe.ticketreparacion",
   "pk": 22,
   "fields": {
      "ticket": 4,
      "triage": 987654,
      "tipo_dispositivo": 1,
      "tecnico_asignado": 1,
      "estado": 1,
      "falla_reportada": "1231321",
      "falla_encontrada": null,
      "solucion_tipo": null,
      "solucion_detalle": null,
      "fecha_inicio": "2017-06-02",
      "fecha_fin": null
   }
},
{
   "model": "tpe.ticketreparacion",
   "pk": 23,
   "fields": {
      "ticket": 4,
      "triage": 123465,
      "tipo_dispositivo": 1,
      "tecnico_asignado": 1,
      "estado": 1,
      "falla_reportada": "456465",
      "falla_encontrada": null,
      "solucion_tipo": null,
      "solucion_detalle": null,
      "fecha_inicio": "2017-06-02",
      "fecha_fin": null
   }
},
{
   "model": "tpe.ticketreparacion",
   "pk": 24,
   "fields": {
      "ticket": 4,
      "triage": 784512,
      "tipo_dispositivo": 1,
      "tecnico_asignado": 1,
      "estado": 1,
      "falla_reportada": "1231",
      "falla_encontrada": null,
      "solucion_tipo": null,
      "solucion_detalle": null,
      "fecha_inicio": "2017-06-02",
      "fecha_fin": null
   }
},
{
   "model": "tpe.ticketreparacion",
   "pk": 25,
   "fields": {
      "ticket": 4,
      "triage": 84545,
      "tipo_dispositivo": 1,
      "tecnico_asignado": 1,
      "estado": 1,
      "falla_reportada": "12313",
      "falla_encontrada": null,
      "solucion_tipo": null,
      "solucion_detalle": null,
      "fecha_inicio": "2017-06-02",
      "fecha_fin": null
   }
},
{
   "model": "tpe.ticketreparacion",
   "pk": 26,
   "fields": {
      "ticket": 4,
      "triage": 14171,
      "tipo_dispositivo": 1,
      "tecnico_asignado": 1,
      "estado": 1,
      "falla_reportada": "123132",
      "falla_encontrada": null,
      "solucion_tipo": null,
      "solucion_detalle": null,
      "fecha_inicio": "2017-06-02",
      "fecha_fin": null
   }
},
{
   "model": "tpe.ticketreparacion",
   "pk": 27,
   "fields": {
      "ticket": 4,
      "triage": 5454121,
      "tipo_dispositivo": 1,
      "tecnico_asignado": 1,
      "estado": 1,
      "falla_reportada": "123146",
      "falla_encontrada": null,
      "solucion_tipo": null,
      "solucion_detalle": null,
      "fecha_inicio": "2017-06-02",
      "fecha_fin": null
   }
},
{
   "model": "tpe.ticketreparacion",
   "pk": 28,
   "fields": {
      "ticket": 4,
      "triage": 5412,
      "tipo_dispositivo": 1,
      "tecnico_asignado": 1,
      "estado": 1,
      "falla_reportada": "213",
      "falla_encontrada": null,
      "solucion_tipo": null,
      "solucion_detalle": null,
      "fecha_inicio": "2017-06-02",
      "fecha_fin": null
   }
},
{
   "model": "tpe.ticketreparacion",
   "pk": 29,
   "fields": {
      "ticket": 4,
      "triage": 21212,
      "tipo_dispositivo": 1,
      "tecnico_asignado": 1,
      "estado": 1,
      "falla_reportada": "121212",
      "falla_encontrada": null,
      "solucion_tipo": null,
      "solucion_detalle": null,
      "fecha_inicio": "2017-06-02",
      "fecha_fin": null
   }
},
{
   "model": "tpe.ticketreparacion",
   "pk": 30,
   "fields": {
      "ticket": 4,
      "triage": 121245,
      "tipo_dispositivo": 1,
      "tecnico_asignado": 1,
      "estado": 1,
      "falla_reportada": "123132123132",
      "falla_encontrada": null,
      "solucion_tipo": null,
      "solucion_detalle": null,
      "fecha_inicio": "2017-06-02",
      "fecha_fin": null
   }
},
{
   "model": "tpe.ticketreparacion",
   "pk": 31,
   "fields": {
      "ticket": 4,
      "triage": 121215487,
      "tipo_dispositivo": 1,
      "tecnico_asignado": 1,
      "estado": 1,
      "falla_reportada": "12313215646",
      "falla_encontrada": null,
      "solucion_tipo": null,
      "solucion_detalle": null,
      "fecha_inicio": "2017-06-02",
      "fecha_fin": null
   }
},
{
   "model": "tpe.ticketreparacion",
   "pk": 32,
   "fields": {
      "ticket": 9,
      "triage": 12,
      "tipo_dispositivo": 1,
      "tecnico_asignado": 1,
      "estado": 2,
      "falla_reportada": "No sirve",
      "falla_encontrada": "No serv\u00eda esa cosa",
      "solucion_tipo": 2,
      "solucion_detalle": "Le puso su magia y la arregl\u00f3",
      "fecha_inicio": "2017-06-12",
      "fecha_fin": "2017-08-18"
   }
},
{
   "model": "tpe.ticketreparacion",
   "pk": 33,
   "fields": {
      "ticket": 10,
      "triage": 123,
      "tipo_dispositivo": 1,
      "tecnico_asignado": 1,
      "estado": 2,
      "falla_reportada": "no sirve",
      "falla_encontrada": "No serv\u00eda",
      "solucion_tipo": 2,
      "solucion_detalle": "Vali\u00f3",
      "fecha_inicio": "2017-08-30",
      "fecha_fin": "2017-08-30"
   }
},
{
   "model": "tpe.ticketreparacion",
   "pk": 34,
   "fields": {
      "ticket": 9,
      "triage": 3265,
      "tipo_dispositivo": 2,
      "tecnico_asignado": 1,
      "estado": 1,
      "falla_reportada": "Al parecer cambiaron la tarjeta de memoria RAM por un pedazo de cart\u00f3n que pintaron de verde. Le pegaron colillas de cigarro para que pareciera que ten\u00eda chips o algo as\u00ed. En cualquier caso, esto ni siquiera es una memoria RAM",
      "falla_encontrada": null,
      "solucion_tipo": null,
      "solucion_detalle": null,
      "fecha_inicio": "2017-09-28",
      "fecha_fin": null
   }
},
{
   "model": "tpe.ticketreparacionrepuesto",
   "pk": 1,
   "fields": {
      "reparacion": 1,
      "tipo_dispositivo": 1,
      "costo": "0.00",
      "justificacion": "",
      "fecha_solicitud": "2017-04-19",
      "rechazado": false,
      "autorizado": true,
      "autorizado_por": 1,
      "fecha_autorizado": "2017-04-19"
   }
},
{
   "model": "tpe.ticketreparacionrepuesto",
   "pk": 2,
   "fields": {
      "reparacion": 1,
      "tipo_dispositivo": 2,
      "costo": "0.00",
      "justificacion": "",
      "fecha_solicitud": "2017-04-19",
      "rechazado": false,
      "autorizado": true,
      "autorizado_por": 1,
      "fecha_autorizado": "2017-04-19"
   }
},
{
   "model": "tpe.ticketreparacionrepuesto",
   "pk": 3,
   "fields": {
      "reparacion": 1,
      "tipo_dispositivo": 1,
      "costo": "0.00",
      "justificacion": "",
      "fecha_solicitud": "2017-04-19",
      "rechazado": false,
      "autorizado": false,
      "autorizado_por": null,
      "fecha_autorizado": null
   }
},
{
   "model": "tpe.ticketreparacionrepuesto",
   "pk": 4,
   "fields": {
      "reparacion": 4,
      "tipo_dispositivo": 2,
      "costo": "0.00",
      "justificacion": "Se necesita una nueva",
      "fecha_solicitud": "2017-04-20",
      "rechazado": false,
      "autorizado": false,
      "autorizado_por": null,
      "fecha_autorizado": null
   }
},
{
   "model": "tpe.ticketreparacionrepuesto",
   "pk": 12,
   "fields": {
      "reparacion": 13,
      "tipo_dispositivo": 1,
      "costo": "25.00",
      "justificacion": "Por favor :/",
      "fecha_solicitud": "2017-04-24",
      "rechazado": false,
      "autorizado": true,
      "autorizado_por": 1,
      "fecha_autorizado": "2017-04-24"
   }
},
{
   "model": "tpe.ticketreparacionrepuesto",
   "pk": 17,
   "fields": {
      "reparacion": 32,
      "tipo_dispositivo": 1,
      "costo": "99.99",
      "justificacion": "Ni modo :/",
      "fecha_solicitud": "2017-06-12",
      "rechazado": false,
      "autorizado": true,
      "autorizado_por": 1,
      "fecha_autorizado": "2017-06-12"
   }
},
{
   "model": "tpe.ticketreparacionrepuesto",
   "pk": 18,
   "fields": {
      "reparacion": 32,
      "tipo_dispositivo": 2,
      "costo": "100.00",
      "justificacion": "Otor",
      "fecha_solicitud": "2017-06-12",
      "rechazado": false,
      "autorizado": true,
      "autorizado_por": 1,
      "fecha_autorizado": "2017-06-12"
   }
},
{
   "model": "tpe.monitoreo",
   "pk": 1,
   "fields": {
      "equipamiento": 1,
      "creado_por": 1,
      "fecha": "2017-03-07",
      "comentario": "La escuela dice que todo est\u00e1 bien :)"
   }
},
{
   "model": "tpe.monitoreo",
   "pk": 2,
   "fields": {
      "equipamiento": 1,
      "creado_por": 1,
      "fecha": "2017-03-09",
      "comentario": "La escuela dice que algunas compus dejaron de funcionar :/"
   }
},
{
   "model": "tpe.monitoreo",
   "pk": 3,
   "fields": {
      "equipamiento": 1,
      "creado_por": 1,
      "fecha": "2017-03-10",
      "comentario": "Las compus ya no funcionan :("
   }
},
{
   "model": "tpe.monitoreo",
   "pk": 4,
   "fields": {
      "equipamiento": 1,
      "creado_por": 1,
      "fecha": "2017-03-14",
      "comentario": "Se robaron las compus :O"
   }
},
{
   "model": "tpe.monitoreo",
   "pk": 5,
   "fields": {
      "equipamiento": 1,
      "creado_por": 1,
      "fecha": "2017-03-14",
      "comentario": "asd"
   }
},
{
   "model": "tpe.monitoreo",
   "pk": 6,
   "fields": {
      "equipamiento": 1,
      "creado_por": 1,
      "fecha": "2017-03-14",
      "comentario": "asd"
   }
},
{
   "model": "tpe.monitoreo",
   "pk": 7,
   "fields": {
      "equipamiento": 1,
      "creado_por": 1,
      "fecha": "2017-03-14",
      "comentario": "fds"
   }
},
{
   "model": "tpe.monitoreo",
   "pk": 14,
   "fields": {
      "equipamiento": 4,
      "creado_por": 1,
      "fecha": "2017-04-21",
      "comentario": "Prueba!"
   }
},
{
   "model": "tpe.monitoreo",
   "pk": 17,
   "fields": {
      "equipamiento": 4,
      "creado_por": 1,
      "fecha": "2017-06-22",
      "comentario": "asdsadsadas"
   }
},
{
   "model": "tpe.monitoreo",
   "pk": 18,
   "fields": {
      "equipamiento": 974,
      "creado_por": 1,
      "fecha": "2017-09-05",
      "comentario": "estan bien"
   }
},
{
   "model": "tpe.monitoreo",
   "pk": 19,
   "fields": {
      "equipamiento": 900,
      "creado_por": 1,
      "fecha": "2017-09-05",
      "comentario": "jkhkjhjkjkljkl"
   }
},
{
   "model": "tpe.monitoreo",
   "pk": 20,
   "fields": {
      "equipamiento": 900,
      "creado_por": 1,
      "fecha": "2017-10-05",
      "comentario": "sadasdasdasdasdsadas"
   }
},
{
   "model": "tpe.monitoreo",
   "pk": 21,
   "fields": {
      "equipamiento": 901,
      "creado_por": 1,
      "fecha": "2017-10-09",
      "comentario": "Esta es una prueba"
   }
},
{
   "model": "tpe.monitoreo",
   "pk": 22,
   "fields": {
      "equipamiento": 901,
      "creado_por": 1,
      "fecha": "2017-10-09",
      "comentario": "Esta es otra prueba"
   }
},
{
   "model": "tpe.monitoreo",
   "pk": 23,
   "fields": {
      "equipamiento": 901,
      "creado_por": 1,
      "fecha": "2017-10-09",
      "comentario": "Esta es otra prueba \u00ac\u00ac"
   }
},
{
   "model": "tpe.monitoreo",
   "pk": 34,
   "fields": {
      "equipamiento": 901,
      "creado_por": 1,
      "fecha": "2017-10-09",
      "comentario": "Una prueba que al fin sirve"
   }
},
{
   "model": "tpe.monitoreo",
   "pk": 35,
   "fields": {
      "equipamiento": 901,
      "creado_por": 1,
      "fecha": "2017-10-09",
      "comentario": "But wait..."
   }
},
{
   "model": "tpe.monitoreo",
   "pk": 36,
   "fields": {
      "equipamiento": 901,
      "creado_por": 1,
      "fecha": "2017-10-09",
      "comentario": "There's more!"
   }
},
{
   "model": "tpe.monitoreo",
   "pk": 37,
   "fields": {
      "equipamiento": 901,
      "creado_por": 1,
      "fecha": "2017-10-09",
      "comentario": "MOARRR!"
   }
},
{
   "model": "tpe.monitoreo",
   "pk": 38,
   "fields": {
      "equipamiento": 901,
      "creado_por": 1,
      "fecha": "2017-10-09",
      "comentario": "MOAAAAARRRRRRR!!!!"
   }
},
{
   "model": "tpe.monitoreo",
   "pk": 39,
   "fields": {
      "equipamiento": 901,
      "creado_por": 1,
      "fecha": "2017-10-09",
      "comentario": "ALAV..."
   }
},
{
   "model": "tpe.monitoreo",
   "pk": 40,
   "fields": {
      "equipamiento": 901,
      "creado_por": 1,
      "fecha": "2017-10-09",
      "comentario": "Estas computadoras no sirven. De hecho, no eran computadoras. Alguien tuvo la gran idea de ponerle un azafate a una tele y decir que era una computadora."
   }
},
{
   "model": "tpe.evaluacionpregunta",
   "pk": 1,
   "fields": {
      "pregunta": "\u00bfQu\u00e9 tan satisfecho se encuentra con el equipo?",
      "activa": true,
      "minimo": 1,
      "maximo": 5
   }
},
{
   "model": "tpe.evaluacionpregunta",
   "pk": 2,
   "fields": {
      "pregunta": "\u00bfQu\u00e9 tan frecuentemente utilizan el equipo?",
      "activa": true,
      "minimo": 1,
      "maximo": 5
   }
},
{
   "model": "tpe.evaluacionpregunta",
   "pk": 3,
   "fields": {
      "pregunta": "\u00bfQu\u00e9 tanta utilidad o provecho a tenido del equipo?",
      "activa": true,
      "minimo": 1,
      "maximo": 5
   }
},
{
   "model": "tpe.evaluacionpregunta",
   "pk": 4,
   "fields": {
      "pregunta": "\u00bfRecomendar\u00eda a Funsepa para otras escuelas, instituciones o donantes?",
      "activa": true,
      "minimo": 1,
      "maximo": 2
   }
},
{
   "model": "tpe.evaluacionmonitoreo",
   "pk": 1,
   "fields": {
      "monitoreo": 20,
      "pregunta": 1,
      "punteo": 5
   }
},
{
   "model": "tpe.evaluacionmonitoreo",
   "pk": 2,
   "fields": {
      "monitoreo": 20,
      "pregunta": 2,
      "punteo": 3
   }
},
{
   "model": "tpe.evaluacionmonitoreo",
   "pk": 3,
   "fields": {
      "monitoreo": 19,
      "pregunta": 1,
      "punteo": 1
   }
},
{
   "model": "tpe.evaluacionmonitoreo",
   "pk": 4,
   "fields": {
      "monitoreo": 19,
      "pregunta": 2,
      "punteo": 4
   }
},
{
   "model": "tpe.evaluacionmonitoreo",
   "pk": 5,
   "fields": {
      "monitoreo": 2,
      "pregunta": 1,
      "punteo": 4
   }
},
{
   "model": "tpe.evaluacionmonitoreo",
   "pk": 6,
   "fields": {
      "monitoreo": 2,
      "pregunta": 2,
      "punteo": 1
   }
},
{
   "model": "tpe.evaluacionmonitoreo",
   "pk": 7,
   "fields": {
      "monitoreo": 3,
      "pregunta": 1,
      "punteo": 5
   }
},
{
   "model": "tpe.evaluacionmonitoreo",
   "pk": 8,
   "fields": {
      "monitoreo": 3,
      "pregunta": 2,
      "punteo": 3
   }
},
{
   "model": "tpe.evaluacionmonitoreo",
   "pk": 9,
   "fields": {
      "monitoreo": 3,
      "pregunta": 3,
      "punteo": 2
   }
},
{
   "model": "tpe.evaluacionmonitoreo",
   "pk": 10,
   "fields": {
      "monitoreo": 3,
      "pregunta": 4,
      "punteo": 2
   }
},
{
   "model": "tpe.evaluacionmonitoreo",
   "pk": 11,
   "fields": {
      "monitoreo": 40,
      "pregunta": 1,
      "punteo": 3
   }
},
{
   "model": "tpe.evaluacionmonitoreo",
   "pk": 12,
   "fields": {
      "monitoreo": 40,
      "pregunta": 2,
      "punteo": 4
   }
},
{
   "model": "tpe.evaluacionmonitoreo",
   "pk": 13,
   "fields": {
      "monitoreo": 40,
      "pregunta": 3,
      "punteo": 5
   }
},
{
   "model": "tpe.evaluacionmonitoreo",
   "pk": 14,
   "fields": {
      "monitoreo": 40,
      "pregunta": 4,
      "punteo": 1
   }
},
{
   "model": "tpe.evaluacionmonitoreo",
   "pk": 15,
   "fields": {
      "monitoreo": 39,
      "pregunta": 1,
      "punteo": 3
   }
},
{
   "model": "tpe.evaluacionmonitoreo",
   "pk": 16,
   "fields": {
      "monitoreo": 39,
      "pregunta": 2,
      "punteo": 3
   }
},
{
   "model": "tpe.evaluacionmonitoreo",
   "pk": 17,
   "fields": {
      "monitoreo": 39,
      "pregunta": 3,
      "punteo": 3
   }
},
{
   "model": "tpe.evaluacionmonitoreo",
   "pk": 18,
   "fields": {
      "monitoreo": 39,
      "pregunta": 4,
      "punteo": 1
   }
},
{
   "model": "dh.tipoevento",
   "pk": 1,
   "fields": {
      "tipo_evento": "Actividad de voluntariado",
      "color": "green"
   }
},
{
   "model": "dh.tipoevento",
   "pk": 2,
   "fields": {
      "tipo_evento": "Visita a escuela",
      "color": "teal"
   }
},
{
   "model": "dh.tipoevento",
   "pk": 3,
   "fields": {
      "tipo_evento": "Reuni\u00f3n con cooperante",
      "color": "blue"
   }
},
{
   "model": "dh.eventodh",
   "pk": 1,
   "fields": {
      "tipo_evento": 2,
      "titulo": "Evento de prueba",
      "fecha": "2017-06-21",
      "hora_inicio": "14:00:00",
      "hora_fin": "16:00:00",
      "ubicacion": "",
      "creado_por": 1,
      "descripcion": null,
      "fotos": "https://drive.google.com/open?id=0B4C1gMxJvATdWjE0OTY4eDdmRTQ",
      "asistentes": [
         3
      ],
      "cooperantes": [
         3
      ]
   }
},
{
   "model": "dh.eventodh",
   "pk": 2,
   "fields": {
      "tipo_evento": 3,
      "titulo": "Prueba de jejeje",
      "fecha": "2017-03-14",
      "hora_inicio": "10:00:00",
      "hora_fin": "12:00:00",
      "ubicacion": "",
      "creado_por": 1,
      "descripcion": null,
      "fotos": "",
      "asistentes": [],
      "cooperantes": []
   }
},
{
   "model": "dh.eventodh",
   "pk": 3,
   "fields": {
      "tipo_evento": 2,
      "titulo": "Visita a EORM",
      "fecha": "2017-06-22",
      "hora_inicio": null,
      "hora_fin": null,
      "ubicacion": "",
      "creado_por": 1,
      "descripcion": null,
      "fotos": "",
      "asistentes": [
         2,
         4
      ],
      "cooperantes": [
         1
      ]
   }
},
{
   "model": "naat.asignacionnaat",
   "pk": 2,
   "fields": {
      "participante": 1,
      "capacitador": 4,
      "fecha_asignacion": "2017-06-13",
      "fecha_finalizacion": null,
      "activa": false
   }
},
{
   "model": "naat.asignacionnaat",
   "pk": 3,
   "fields": {
      "participante": 3,
      "capacitador": 3,
      "fecha_asignacion": "2017-06-13",
      "fecha_finalizacion": null,
      "activa": true
   }
},
{
   "model": "naat.asignacionnaat",
   "pk": 4,
   "fields": {
      "participante": 2,
      "capacitador": 4,
      "fecha_asignacion": "2017-06-13",
      "fecha_finalizacion": null,
      "activa": true
   }
},
{
   "model": "naat.asignacionnaat",
   "pk": 5,
   "fields": {
      "participante": 4,
      "capacitador": 4,
      "fecha_asignacion": "2017-06-19",
      "fecha_finalizacion": null,
      "activa": true
   }
},
{
   "model": "naat.asignacionnaat",
   "pk": 6,
   "fields": {
      "participante": 5,
      "capacitador": 3,
      "fecha_asignacion": "2017-06-19",
      "fecha_finalizacion": null,
      "activa": true
   }
},
{
   "model": "kalite.rubrica",
   "pk": 1,
   "fields": {
      "nombre": "Docentes",
      "descripcion": "R\u00fabrica para evaluar el rendimiento de los docentes",
      "color": "aqua",
      "icon": "fa-users"
   }
},
{
   "model": "kalite.rubrica",
   "pk": 2,
   "fields": {
      "nombre": "Estudiantes",
      "descripcion": "Los estudiantes de la escuela logran obtener mejores notas en el \u00e1rea de matem\u00e1tica.",
      "color": "yellow",
      "icon": "fa-child"
   }
},
{
   "model": "kalite.rubrica",
   "pk": 3,
   "fields": {
      "nombre": "Equipo",
      "descripcion": "El equipo es utilizado correctamente con el soporte t\u00e9cnico necesario para su buen funcionamiento",
      "color": "green",
      "icon": "fa-desktop"
   }
},
{
   "model": "kalite.rubrica",
   "pk": 4,
   "fields": {
      "nombre": "Docente (Khan)",
      "descripcion": "Los docentes incorporan la Tecnolog\u00eda Khan Academy y Ka-Lite dentro del proceso de aprendizaje.",
      "color": "aqua",
      "icon": "fa-check-square-o"
   }
},
{
   "model": "kalite.tipovisita",
   "pk": 1,
   "fields": {
      "nombre": "KA Lite",
      "rubricas": [
         1,
         2,
         3
      ]
   }
},
{
   "model": "kalite.visita",
   "pk": 3,
   "fields": {
      "escuela": 4,
      "tipo_visita": 1,
      "fecha": "2017-08-23",
      "hora_inicio": "08:00:00",
      "hora_fin": "11:00:00",
      "capacitador": 1,
      "numero": 1,
      "observaciones": "gfui gysdfjg hdfkog jdfkl kld"
   }
},
{
   "model": "kalite.visita",
   "pk": 4,
   "fields": {
      "escuela": 8,
      "tipo_visita": 1,
      "fecha": "2017-09-14",
      "hora_inicio": "08:10:00",
      "hora_fin": "10:30:00",
      "capacitador": 1,
      "numero": 1,
      "observaciones": null
   }
},
{
   "model": "kalite.visita",
   "pk": 5,
   "fields": {
      "escuela": 8,
      "tipo_visita": 1,
      "fecha": "2017-08-25",
      "hora_inicio": "10:00:00",
      "hora_fin": "11:00:00",
      "capacitador": 4,
      "numero": 2,
      "observaciones": null
   }
},
{
   "model": "kalite.visita",
   "pk": 6,
   "fields": {
      "escuela": 3,
      "tipo_visita": 1,
      "fecha": "2017-09-20",
      "hora_inicio": null,
      "hora_fin": null,
      "capacitador": 1,
      "numero": 4,
      "observaciones": null
   }
},
{
   "model": "kalite.visita",
   "pk": 7,
   "fields": {
      "escuela": 2,
      "tipo_visita": 1,
      "fecha": "2017-09-29",
      "hora_inicio": "08:00:00",
      "hora_fin": "10:00:00",
      "capacitador": 1,
      "numero": 1,
      "observaciones": null
   }
},
{
   "model": "kalite.indicador",
   "pk": 1,
   "fields": {
      "rubrica": 1,
      "indicador": "Inicios de sesi\u00f3n"
   }
},
{
   "model": "kalite.indicador",
   "pk": 2,
   "fields": {
      "rubrica": 1,
      "indicador": "Cumplimiento del horario semanal"
   }
},
{
   "model": "kalite.indicador",
   "pk": 3,
   "fields": {
      "rubrica": 1,
      "indicador": "Acompa\u00f1amiento del docente en el laboratorio"
   }
},
{
   "model": "kalite.indicador",
   "pk": 4,
   "fields": {
      "rubrica": 1,
      "indicador": "Docente trabaja contenidos de KA Lite"
   }
},
{
   "model": "kalite.indicador",
   "pk": 5,
   "fields": {
      "rubrica": 1,
      "indicador": "Planificaci\u00f3n con contenidos de KA Lite"
   }
},
{
   "model": "kalite.indicador",
   "pk": 6,
   "fields": {
      "rubrica": 1,
      "indicador": "Ingreso de usuarios"
   }
},
{
   "model": "kalite.indicador",
   "pk": 7,
   "fields": {
      "rubrica": 2,
      "indicador": "Inicios ocasionales de sesiones"
   }
},
{
   "model": "kalite.indicador",
   "pk": 8,
   "fields": {
      "rubrica": 2,
      "indicador": "Cantidad de ejercicios realizados mensualmente"
   }
},
{
   "model": "kalite.indicador",
   "pk": 9,
   "fields": {
      "rubrica": 2,
      "indicador": "Alumnos para nivelas (respecto al uso de la herramienta comprobando al alumno con la media de uso por grado)"
   }
},
{
   "model": "kalite.indicador",
   "pk": 10,
   "fields": {
      "rubrica": 3,
      "indicador": "Servidor"
   }
},
{
   "model": "kalite.indicador",
   "pk": 11,
   "fields": {
      "rubrica": 3,
      "indicador": "Red"
   }
},
{
   "model": "kalite.indicador",
   "pk": 12,
   "fields": {
      "rubrica": 3,
      "indicador": "Equipo"
   }
},
{
   "model": "kalite.indicador",
   "pk": 13,
   "fields": {
      "rubrica": 3,
      "indicador": "Mantenimiento preventivo, limpieza del equipo."
   }
},
{
   "model": "kalite.indicador",
   "pk": 14,
   "fields": {
      "rubrica": 3,
      "indicador": "Reporta fallos de servidor, red y equipo"
   }
},
{
   "model": "kalite.indicador",
   "pk": 15,
   "fields": {
      "rubrica": 4,
      "indicador": "Inicios de sesi\u00f3n de los docentes"
   }
},
{
   "model": "kalite.indicador",
   "pk": 16,
   "fields": {
      "rubrica": 4,
      "indicador": "Recomendaciones enviadas a los alumnos mensualmente"
   }
},
{
   "model": "kalite.indicador",
   "pk": 17,
   "fields": {
      "rubrica": 4,
      "indicador": "Cumplimiento de horario semanal"
   }
},
{
   "model": "kalite.indicador",
   "pk": 18,
   "fields": {
      "rubrica": 4,
      "indicador": "Acompa\u00f1amiento del docente"
   }
},
{
   "model": "kalite.indicador",
   "pk": 19,
   "fields": {
      "rubrica": 4,
      "indicador": "Docente trabaja contenidos de Chan Academy"
   }
},
{
   "model": "kalite.indicador",
   "pk": 20,
   "fields": {
      "rubrica": 4,
      "indicador": "Planificaci\u00f3n de contenido"
   }
},
{
   "model": "kalite.indicador",
   "pk": 21,
   "fields": {
      "rubrica": 4,
      "indicador": "Ingreso de usuarios"
   }
},
{
   "model": "kalite.evaluacion",
   "pk": 6,
   "fields": {
      "visita": 3,
      "rubrica": 1,
      "observaciones": null
   }
},
{
   "model": "kalite.evaluacion",
   "pk": 7,
   "fields": {
      "visita": 3,
      "rubrica": 2,
      "observaciones": null
   }
},
{
   "model": "kalite.evaluacion",
   "pk": 8,
   "fields": {
      "visita": 3,
      "rubrica": 3,
      "observaciones": null
   }
},
{
   "model": "kalite.evaluacion",
   "pk": 9,
   "fields": {
      "visita": 4,
      "rubrica": 1,
      "observaciones": null
   }
},
{
   "model": "kalite.evaluacion",
   "pk": 10,
   "fields": {
      "visita": 4,
      "rubrica": 2,
      "observaciones": null
   }
},
{
   "model": "kalite.evaluacion",
   "pk": 11,
   "fields": {
      "visita": 4,
      "rubrica": 3,
      "observaciones": null
   }
},
{
   "model": "kalite.evaluacion",
   "pk": 12,
   "fields": {
      "visita": 5,
      "rubrica": 1,
      "observaciones": null
   }
},
{
   "model": "kalite.evaluacion",
   "pk": 13,
   "fields": {
      "visita": 5,
      "rubrica": 2,
      "observaciones": null
   }
},
{
   "model": "kalite.evaluacion",
   "pk": 14,
   "fields": {
      "visita": 5,
      "rubrica": 3,
      "observaciones": null
   }
},
{
   "model": "kalite.evaluacion",
   "pk": 15,
   "fields": {
      "visita": 6,
      "rubrica": 1,
      "observaciones": null
   }
},
{
   "model": "kalite.evaluacion",
   "pk": 16,
   "fields": {
      "visita": 6,
      "rubrica": 2,
      "observaciones": null
   }
},
{
   "model": "kalite.evaluacion",
   "pk": 17,
   "fields": {
      "visita": 6,
      "rubrica": 3,
      "observaciones": null
   }
},
{
   "model": "kalite.evaluacion",
   "pk": 18,
   "fields": {
      "visita": 7,
      "rubrica": 1,
      "observaciones": null
   }
},
{
   "model": "kalite.evaluacion",
   "pk": 19,
   "fields": {
      "visita": 7,
      "rubrica": 2,
      "observaciones": null
   }
},
{
   "model": "kalite.evaluacion",
   "pk": 20,
   "fields": {
      "visita": 7,
      "rubrica": 3,
      "observaciones": null
   }
},
{
   "model": "kalite.punteo",
   "pk": 28,
   "fields": {
      "evaluacion": 6,
      "indicador": 1,
      "nota": 4
   }
},
{
   "model": "kalite.punteo",
   "pk": 29,
   "fields": {
      "evaluacion": 6,
      "indicador": 2,
      "nota": 5
   }
},
{
   "model": "kalite.punteo",
   "pk": 30,
   "fields": {
      "evaluacion": 6,
      "indicador": 3,
      "nota": 5
   }
},
{
   "model": "kalite.punteo",
   "pk": 31,
   "fields": {
      "evaluacion": 6,
      "indicador": 4,
      "nota": 4
   }
},
{
   "model": "kalite.punteo",
   "pk": 32,
   "fields": {
      "evaluacion": 6,
      "indicador": 5,
      "nota": 4
   }
},
{
   "model": "kalite.punteo",
   "pk": 33,
   "fields": {
      "evaluacion": 6,
      "indicador": 6,
      "nota": 5
   }
},
{
   "model": "kalite.punteo",
   "pk": 34,
   "fields": {
      "evaluacion": 7,
      "indicador": 7,
      "nota": 2
   }
},
{
   "model": "kalite.punteo",
   "pk": 35,
   "fields": {
      "evaluacion": 7,
      "indicador": 8,
      "nota": 5
   }
},
{
   "model": "kalite.punteo",
   "pk": 36,
   "fields": {
      "evaluacion": 7,
      "indicador": 9,
      "nota": 5
   }
},
{
   "model": "kalite.punteo",
   "pk": 37,
   "fields": {
      "evaluacion": 8,
      "indicador": 10,
      "nota": 1
   }
},
{
   "model": "kalite.punteo",
   "pk": 38,
   "fields": {
      "evaluacion": 8,
      "indicador": 11,
      "nota": 1
   }
},
{
   "model": "kalite.punteo",
   "pk": 39,
   "fields": {
      "evaluacion": 8,
      "indicador": 12,
      "nota": 1
   }
},
{
   "model": "kalite.punteo",
   "pk": 40,
   "fields": {
      "evaluacion": 8,
      "indicador": 13,
      "nota": 1
   }
},
{
   "model": "kalite.punteo",
   "pk": 41,
   "fields": {
      "evaluacion": 8,
      "indicador": 14,
      "nota": 5
   }
},
{
   "model": "kalite.punteo",
   "pk": 42,
   "fields": {
      "evaluacion": 9,
      "indicador": 1,
      "nota": 3
   }
},
{
   "model": "kalite.punteo",
   "pk": 43,
   "fields": {
      "evaluacion": 9,
      "indicador": 2,
      "nota": 5
   }
},
{
   "model": "kalite.punteo",
   "pk": 44,
   "fields": {
      "evaluacion": 9,
      "indicador": 3,
      "nota": 1
   }
},
{
   "model": "kalite.punteo",
   "pk": 45,
   "fields": {
      "evaluacion": 9,
      "indicador": 4,
      "nota": 1
   }
},
{
   "model": "kalite.punteo",
   "pk": 46,
   "fields": {
      "evaluacion": 9,
      "indicador": 5,
      "nota": 3
   }
},
{
   "model": "kalite.punteo",
   "pk": 47,
   "fields": {
      "evaluacion": 9,
      "indicador": 6,
      "nota": 1
   }
},
{
   "model": "kalite.punteo",
   "pk": 48,
   "fields": {
      "evaluacion": 10,
      "indicador": 7,
      "nota": 3
   }
},
{
   "model": "kalite.punteo",
   "pk": 49,
   "fields": {
      "evaluacion": 10,
      "indicador": 8,
      "nota": 3
   }
},
{
   "model": "kalite.punteo",
   "pk": 50,
   "fields": {
      "evaluacion": 10,
      "indicador": 9,
      "nota": 5
   }
},
{
   "model": "kalite.punteo",
   "pk": 51,
   "fields": {
      "evaluacion": 11,
      "indicador": 10,
      "nota": 5
   }
},
{
   "model": "kalite.punteo",
   "pk": 52,
   "fields": {
      "evaluacion": 11,
      "indicador": 11,
      "nota": 1
   }
},
{
   "model": "kalite.punteo",
   "pk": 53,
   "fields": {
      "evaluacion": 11,
      "indicador": 12,
      "nota": 5
   }
},
{
   "model": "kalite.punteo",
   "pk": 54,
   "fields": {
      "evaluacion": 11,
      "indicador": 13,
      "nota": 5
   }
},
{
   "model": "kalite.punteo",
   "pk": 55,
   "fields": {
      "evaluacion": 11,
      "indicador": 14,
      "nota": 5
   }
},
{
   "model": "kalite.punteo",
   "pk": 56,
   "fields": {
      "evaluacion": 12,
      "indicador": 1,
      "nota": 5
   }
},
{
   "model": "kalite.punteo",
   "pk": 57,
   "fields": {
      "evaluacion": 12,
      "indicador": 2,
      "nota": 3
   }
},
{
   "model": "kalite.punteo",
   "pk": 58,
   "fields": {
      "evaluacion": 12,
      "indicador": 3,
      "nota": 1
   }
},
{
   "model": "kalite.punteo",
   "pk": 59,
   "fields": {
      "evaluacion": 12,
      "indicador": 4,
      "nota": 4
   }
},
{
   "model": "kalite.punteo",
   "pk": 60,
   "fields": {
      "evaluacion": 12,
      "indicador": 5,
      "nota": 1
   }
},
{
   "model": "kalite.punteo",
   "pk": 61,
   "fields": {
      "evaluacion": 12,
      "indicador": 6,
      "nota": 1
   }
},
{
   "model": "kalite.punteo",
   "pk": 62,
   "fields": {
      "evaluacion": 13,
      "indicador": 7,
      "nota": 5
   }
},
{
   "model": "kalite.punteo",
   "pk": 63,
   "fields": {
      "evaluacion": 13,
      "indicador": 8,
      "nota": 5
   }
},
{
   "model": "kalite.punteo",
   "pk": 64,
   "fields": {
      "evaluacion": 13,
      "indicador": 9,
      "nota": 5
   }
},
{
   "model": "kalite.punteo",
   "pk": 65,
   "fields": {
      "evaluacion": 14,
      "indicador": 10,
      "nota": 1
   }
},
{
   "model": "kalite.punteo",
   "pk": 66,
   "fields": {
      "evaluacion": 14,
      "indicador": 11,
      "nota": 1
   }
},
{
   "model": "kalite.punteo",
   "pk": 67,
   "fields": {
      "evaluacion": 14,
      "indicador": 12,
      "nota": 1
   }
},
{
   "model": "kalite.punteo",
   "pk": 68,
   "fields": {
      "evaluacion": 14,
      "indicador": 13,
      "nota": 5
   }
},
{
   "model": "kalite.punteo",
   "pk": 69,
   "fields": {
      "evaluacion": 14,
      "indicador": 14,
      "nota": 5
   }
},
{
   "model": "kalite.punteo",
   "pk": 70,
   "fields": {
      "evaluacion": 15,
      "indicador": 1,
      "nota": 1
   }
},
{
   "model": "kalite.punteo",
   "pk": 71,
   "fields": {
      "evaluacion": 15,
      "indicador": 2,
      "nota": 1
   }
},
{
   "model": "kalite.punteo",
   "pk": 72,
   "fields": {
      "evaluacion": 15,
      "indicador": 3,
      "nota": 1
   }
},
{
   "model": "kalite.punteo",
   "pk": 73,
   "fields": {
      "evaluacion": 15,
      "indicador": 4,
      "nota": 1
   }
},
{
   "model": "kalite.punteo",
   "pk": 74,
   "fields": {
      "evaluacion": 15,
      "indicador": 5,
      "nota": 1
   }
},
{
   "model": "kalite.punteo",
   "pk": 75,
   "fields": {
      "evaluacion": 15,
      "indicador": 6,
      "nota": 1
   }
},
{
   "model": "kalite.punteo",
   "pk": 76,
   "fields": {
      "evaluacion": 16,
      "indicador": 7,
      "nota": 1
   }
},
{
   "model": "kalite.punteo",
   "pk": 77,
   "fields": {
      "evaluacion": 16,
      "indicador": 8,
      "nota": 1
   }
},
{
   "model": "kalite.punteo",
   "pk": 78,
   "fields": {
      "evaluacion": 16,
      "indicador": 9,
      "nota": 1
   }
},
{
   "model": "kalite.punteo",
   "pk": 79,
   "fields": {
      "evaluacion": 17,
      "indicador": 10,
      "nota": 1
   }
},
{
   "model": "kalite.punteo",
   "pk": 80,
   "fields": {
      "evaluacion": 17,
      "indicador": 11,
      "nota": 1
   }
},
{
   "model": "kalite.punteo",
   "pk": 81,
   "fields": {
      "evaluacion": 17,
      "indicador": 12,
      "nota": 1
   }
},
{
   "model": "kalite.punteo",
   "pk": 82,
   "fields": {
      "evaluacion": 17,
      "indicador": 13,
      "nota": 1
   }
},
{
   "model": "kalite.punteo",
   "pk": 83,
   "fields": {
      "evaluacion": 17,
      "indicador": 14,
      "nota": 1
   }
},
{
   "model": "kalite.punteo",
   "pk": 84,
   "fields": {
      "evaluacion": 18,
      "indicador": 1,
      "nota": 4
   }
},
{
   "model": "kalite.punteo",
   "pk": 85,
   "fields": {
      "evaluacion": 18,
      "indicador": 2,
      "nota": 3
   }
},
{
   "model": "kalite.punteo",
   "pk": 86,
   "fields": {
      "evaluacion": 18,
      "indicador": 3,
      "nota": 1
   }
},
{
   "model": "kalite.punteo",
   "pk": 87,
   "fields": {
      "evaluacion": 18,
      "indicador": 4,
      "nota": 1
   }
},
{
   "model": "kalite.punteo",
   "pk": 88,
   "fields": {
      "evaluacion": 18,
      "indicador": 5,
      "nota": 1
   }
},
{
   "model": "kalite.punteo",
   "pk": 89,
   "fields": {
      "evaluacion": 18,
      "indicador": 6,
      "nota": 1
   }
},
{
   "model": "kalite.punteo",
   "pk": 90,
   "fields": {
      "evaluacion": 19,
      "indicador": 7,
      "nota": 4
   }
},
{
   "model": "kalite.punteo",
   "pk": 91,
   "fields": {
      "evaluacion": 19,
      "indicador": 8,
      "nota": 1
   }
},
{
   "model": "kalite.punteo",
   "pk": 92,
   "fields": {
      "evaluacion": 19,
      "indicador": 9,
      "nota": 2
   }
},
{
   "model": "kalite.punteo",
   "pk": 93,
   "fields": {
      "evaluacion": 20,
      "indicador": 10,
      "nota": 3
   }
},
{
   "model": "kalite.punteo",
   "pk": 94,
   "fields": {
      "evaluacion": 20,
      "indicador": 11,
      "nota": 1
   }
},
{
   "model": "kalite.punteo",
   "pk": 95,
   "fields": {
      "evaluacion": 20,
      "indicador": 12,
      "nota": 4
   }
},
{
   "model": "kalite.punteo",
   "pk": 96,
   "fields": {
      "evaluacion": 20,
      "indicador": 13,
      "nota": 1
   }
},
{
   "model": "kalite.punteo",
   "pk": 97,
   "fields": {
      "evaluacion": 20,
      "indicador": 14,
      "nota": 5
   }
},
{
   "model": "kalite.grado",
   "pk": 1,
   "fields": {
      "visita": 3,
      "grado": 1,
      "seccion": "b",
      "minimo_esperado": 2,
      "observaciones": ""
   }
},
{
   "model": "kalite.grado",
   "pk": 2,
   "fields": {
      "visita": 3,
      "grado": 2,
      "seccion": "b",
      "minimo_esperado": 1,
      "observaciones": null
   }
},
{
   "model": "kalite.grado",
   "pk": 3,
   "fields": {
      "visita": 3,
      "grado": 1,
      "seccion": "a",
      "minimo_esperado": 1,
      "observaciones": null
   }
},
{
   "model": "kalite.grado",
   "pk": 4,
   "fields": {
      "visita": 4,
      "grado": 1,
      "seccion": "b",
      "minimo_esperado": 3,
      "observaciones": null
   }
},
{
   "model": "kalite.grado",
   "pk": 5,
   "fields": {
      "visita": 4,
      "grado": 1,
      "seccion": "a",
      "minimo_esperado": 2,
      "observaciones": null
   }
},
{
   "model": "kalite.grado",
   "pk": 6,
   "fields": {
      "visita": 5,
      "grado": 1,
      "seccion": "a",
      "minimo_esperado": 2,
      "observaciones": null
   }
},
{
   "model": "kalite.grado",
   "pk": 7,
   "fields": {
      "visita": 5,
      "grado": 1,
      "seccion": "b",
      "minimo_esperado": 1,
      "observaciones": null
   }
},
{
   "model": "kalite.grado",
   "pk": 8,
   "fields": {
      "visita": 5,
      "grado": 2,
      "seccion": "a",
      "minimo_esperado": 5,
      "observaciones": null
   }
},
{
   "model": "kalite.grado",
   "pk": 9,
   "fields": {
      "visita": 5,
      "grado": 2,
      "seccion": "B",
      "minimo_esperado": 2,
      "observaciones": null
   }
},
{
   "model": "kalite.grado",
   "pk": 10,
   "fields": {
      "visita": 5,
      "grado": 3,
      "seccion": "a",
      "minimo_esperado": 2,
      "observaciones": null
   }
},
{
   "model": "kalite.grado",
   "pk": 11,
   "fields": {
      "visita": 5,
      "grado": 4,
      "seccion": "a",
      "minimo_esperado": 1,
      "observaciones": null
   }
},
{
   "model": "kalite.grado",
   "pk": 12,
   "fields": {
      "visita": 5,
      "grado": 4,
      "seccion": "b",
      "minimo_esperado": 3,
      "observaciones": null
   }
},
{
   "model": "kalite.grado",
   "pk": 13,
   "fields": {
      "visita": 4,
      "grado": 2,
      "seccion": "a",
      "minimo_esperado": 1,
      "observaciones": null
   }
},
{
   "model": "kalite.grado",
   "pk": 14,
   "fields": {
      "visita": 4,
      "grado": 2,
      "seccion": "b",
      "minimo_esperado": 3,
      "observaciones": null
   }
},
{
   "model": "kalite.grado",
   "pk": 15,
   "fields": {
      "visita": 7,
      "grado": 2,
      "seccion": "a",
      "minimo_esperado": 3,
      "observaciones": null
   }
},
{
   "model": "kalite.grado",
   "pk": 16,
   "fields": {
      "visita": 7,
      "grado": 2,
      "seccion": "b",
      "minimo_esperado": 1,
      "observaciones": null
   }
},
{
   "model": "kalite.ejerciciosgrado",
   "pk": 1,
   "fields": {
      "grado": 1,
      "estudiantes": 8,
      "ejercicios": 1
   }
},
{
   "model": "kalite.ejerciciosgrado",
   "pk": 2,
   "fields": {
      "grado": 1,
      "estudiantes": 3,
      "ejercicios": 2
   }
},
{
   "model": "kalite.ejerciciosgrado",
   "pk": 3,
   "fields": {
      "grado": 1,
      "estudiantes": 3,
      "ejercicios": 3
   }
},
{
   "model": "kalite.ejerciciosgrado",
   "pk": 4,
   "fields": {
      "grado": 5,
      "estudiantes": 0,
      "ejercicios": 2
   }
},
{
   "model": "kalite.ejerciciosgrado",
   "pk": 5,
   "fields": {
      "grado": 5,
      "estudiantes": 2,
      "ejercicios": 1
   }
},
{
   "model": "kalite.ejerciciosgrado",
   "pk": 6,
   "fields": {
      "grado": 5,
      "estudiantes": 3,
      "ejercicios": 3
   }
},
{
   "model": "kalite.ejerciciosgrado",
   "pk": 7,
   "fields": {
      "grado": 6,
      "estudiantes": 1,
      "ejercicios": 1
   }
},
{
   "model": "kalite.ejerciciosgrado",
   "pk": 8,
   "fields": {
      "grado": 6,
      "estudiantes": 4,
      "ejercicios": 6
   }
},
{
   "model": "kalite.ejerciciosgrado",
   "pk": 9,
   "fields": {
      "grado": 6,
      "estudiantes": 5,
      "ejercicios": 0
   }
},
{
   "model": "kalite.ejerciciosgrado",
   "pk": 10,
   "fields": {
      "grado": 7,
      "estudiantes": 3,
      "ejercicios": 1
   }
},
{
   "model": "kalite.ejerciciosgrado",
   "pk": 11,
   "fields": {
      "grado": 7,
      "estudiantes": 0,
      "ejercicios": 2
   }
},
{
   "model": "kalite.ejerciciosgrado",
   "pk": 12,
   "fields": {
      "grado": 7,
      "estudiantes": 0,
      "ejercicios": 3
   }
},
{
   "model": "kalite.ejerciciosgrado",
   "pk": 13,
   "fields": {
      "grado": 8,
      "estudiantes": 3,
      "ejercicios": 1
   }
},
{
   "model": "kalite.ejerciciosgrado",
   "pk": 14,
   "fields": {
      "grado": 9,
      "estudiantes": 4,
      "ejercicios": 3
   }
},
{
   "model": "kalite.ejerciciosgrado",
   "pk": 15,
   "fields": {
      "grado": 4,
      "estudiantes": 4,
      "ejercicios": 2
   }
},
{
   "model": "kalite.ejerciciosgrado",
   "pk": 16,
   "fields": {
      "grado": 4,
      "estudiantes": 1,
      "ejercicios": 4
   }
},
{
   "model": "kalite.ejerciciosgrado",
   "pk": 17,
   "fields": {
      "grado": 9,
      "estudiantes": 2,
      "ejercicios": 2
   }
},
{
   "model": "kalite.ejerciciosgrado",
   "pk": 18,
   "fields": {
      "grado": 8,
      "estudiantes": 4,
      "ejercicios": 2
   }
},
{
   "model": "kalite.ejerciciosgrado",
   "pk": 19,
   "fields": {
      "grado": 10,
      "estudiantes": 5,
      "ejercicios": 1
   }
},
{
   "model": "kalite.ejerciciosgrado",
   "pk": 20,
   "fields": {
      "grado": 10,
      "estudiantes": 3,
      "ejercicios": 2
   }
},
{
   "model": "kalite.ejerciciosgrado",
   "pk": 21,
   "fields": {
      "grado": 10,
      "estudiantes": 1,
      "ejercicios": 3
   }
},
{
   "model": "kalite.ejerciciosgrado",
   "pk": 22,
   "fields": {
      "grado": 12,
      "estudiantes": 3,
      "ejercicios": 1
   }
},
{
   "model": "kalite.ejerciciosgrado",
   "pk": 23,
   "fields": {
      "grado": 12,
      "estudiantes": 4,
      "ejercicios": 2
   }
},
{
   "model": "kalite.ejerciciosgrado",
   "pk": 24,
   "fields": {
      "grado": 12,
      "estudiantes": 6,
      "ejercicios": 3
   }
},
{
   "model": "kalite.ejerciciosgrado",
   "pk": 25,
   "fields": {
      "grado": 13,
      "estudiantes": 2,
      "ejercicios": 2
   }
},
{
   "model": "kalite.ejerciciosgrado",
   "pk": 26,
   "fields": {
      "grado": 13,
      "estudiantes": 1,
      "ejercicios": 3
   }
},
{
   "model": "kalite.ejerciciosgrado",
   "pk": 27,
   "fields": {
      "grado": 14,
      "estudiantes": 3,
      "ejercicios": 2
   }
},
{
   "model": "kalite.ejerciciosgrado",
   "pk": 28,
   "fields": {
      "grado": 14,
      "estudiantes": 2,
      "ejercicios": 4
   }
},
{
   "model": "kalite.ejerciciosgrado",
   "pk": 29,
   "fields": {
      "grado": 15,
      "estudiantes": 3,
      "ejercicios": 0
   }
},
{
   "model": "kalite.ejerciciosgrado",
   "pk": 30,
   "fields": {
      "grado": 15,
      "estudiantes": 1,
      "ejercicios": 2
   }
},
{
   "model": "kalite.ejerciciosgrado",
   "pk": 31,
   "fields": {
      "grado": 15,
      "estudiantes": 1,
      "ejercicios": 3
   }
},
{
   "model": "kalite.ejerciciosgrado",
   "pk": 32,
   "fields": {
      "grado": 15,
      "estudiantes": 1,
      "ejercicios": 5
   }
},
{
   "model": "kalite.ejerciciosgrado",
   "pk": 33,
   "fields": {
      "grado": 15,
      "estudiantes": 1,
      "ejercicios": 7
   }
},
{
   "model": "ie.tipoitem",
   "pk": 1,
   "fields": {
      "tipo": "Desktop"
   }
},
{
   "model": "ie.tipoitem",
   "pk": 2,
   "fields": {
      "tipo": "Laptop"
   }
},
{
   "model": "ie.tipoitem",
   "pk": 3,
   "fields": {
      "tipo": "Tablet"
   }
},
{
   "model": "ie.marcaitem",
   "pk": 1,
   "fields": {
      "marca": "Gen\u00e9rico"
   }
},
{
   "model": "ie.marcaitem",
   "pk": 2,
   "fields": {
      "marca": "Dell"
   }
},
{
   "model": "ie.marcaitem",
   "pk": 3,
   "fields": {
      "marca": "Lenovo"
   }
},
{
   "model": "ie.marcaitem",
   "pk": 4,
   "fields": {
      "marca": "HP"
   }
},
{
   "model": "ie.marcaitem",
   "pk": 5,
   "fields": {
      "marca": "Samsung"
   }
},
{
   "model": "ie.marcaitem",
   "pk": 6,
   "fields": {
      "marca": "Microsoft"
   }
},
{
   "model": "ie.marcaitem",
   "pk": 7,
   "fields": {
      "marca": "Asus"
   }
},
{
   "model": "ie.marcaitem",
   "pk": 8,
   "fields": {
      "marca": "Acer"
   }
},
{
   "model": "ie.marcaitem",
   "pk": 9,
   "fields": {
      "marca": "Razer"
   }
},
{
   "model": "ie.softwareitem",
   "pk": 1,
   "fields": {
      "software": "Windows XP",
      "sistema_operativo": true
   }
},
{
   "model": "ie.softwareitem",
   "pk": 2,
   "fields": {
      "software": "Windows 7",
      "sistema_operativo": true
   }
},
{
   "model": "ie.softwareitem",
   "pk": 3,
   "fields": {
      "software": "Windows 8",
      "sistema_operativo": true
   }
},
{
   "model": "ie.softwareitem",
   "pk": 4,
   "fields": {
      "software": "Windows 10",
      "sistema_operativo": true
   }
},
{
   "model": "ie.softwareitem",
   "pk": 5,
   "fields": {
      "software": "Edulibre",
      "sistema_operativo": true
   }
},
{
   "model": "ie.softwareitem",
   "pk": 6,
   "fields": {
      "software": "Endless",
      "sistema_operativo": true
   }
},
{
   "model": "ie.softwareitem",
   "pk": 7,
   "fields": {
      "software": "Linux",
      "sistema_operativo": true
   }
},
{
   "model": "ie.softwareitem",
   "pk": 8,
   "fields": {
      "software": "MacOS",
      "sistema_operativo": true
   }
},
{
   "model": "ie.softwareitem",
   "pk": 9,
   "fields": {
      "software": "Android",
      "sistema_operativo": true
   }
},
{
   "model": "ie.softwareitem",
   "pk": 10,
   "fields": {
      "software": "iOS",
      "sistema_operativo": true
   }
},
{
   "model": "ie.laboratorio",
   "pk": 1,
   "fields": {
      "escuela": 1,
      "organizacion": 3,
      "fecha": "2017-08-16",
      "observaciones": "El equipamiento estuvo bonito :)",
      "red": false,
      "internet": false,
      "fotos_link": "",
      "marca_equipo": null,
      "tipo_equipo": null,
      "equipo_uniforme": true,
      "servidor_local": false,
      "poblacion": 26,
      "cantidad_computadoras": 0
   }
},
{
   "model": "ie.laboratorio",
   "pk": 2,
   "fields": {
      "escuela": 1,
      "organizacion": 3,
      "fecha": "2017-04-16",
      "observaciones": "",
      "red": false,
      "internet": false,
      "fotos_link": "",
      "marca_equipo": 2,
      "tipo_equipo": null,
      "equipo_uniforme": true,
      "servidor_local": true,
      "poblacion": 1,
      "cantidad_computadoras": 15
   }
},
{
   "model": "ie.laboratorio",
   "pk": 3,
   "fields": {
      "escuela": 2,
      "organizacion": 1,
      "fecha": "2017-08-16",
      "observaciones": "",
      "red": false,
      "internet": false,
      "fotos_link": "",
      "marca_equipo": null,
      "tipo_equipo": null,
      "equipo_uniforme": true,
      "servidor_local": false,
      "poblacion": 25,
      "cantidad_computadoras": 0
   }
},
{
   "model": "ie.laboratorio",
   "pk": 4,
   "fields": {
      "escuela": 3,
      "organizacion": 1,
      "fecha": "2017-10-16",
      "observaciones": null,
      "red": false,
      "internet": false,
      "fotos_link": null,
      "marca_equipo": null,
      "tipo_equipo": null,
      "equipo_uniforme": true,
      "servidor_local": false,
      "poblacion": 21,
      "cantidad_computadoras": 0
   }
},
{
   "model": "ie.laboratorio",
   "pk": 5,
   "fields": {
      "escuela": 4,
      "organizacion": 2,
      "fecha": "2017-10-16",
      "observaciones": null,
      "red": false,
      "internet": false,
      "fotos_link": null,
      "marca_equipo": null,
      "tipo_equipo": null,
      "equipo_uniforme": true,
      "servidor_local": false,
      "poblacion": 23,
      "cantidad_computadoras": 0
   }
},
{
   "model": "ie.laboratorio",
   "pk": 6,
   "fields": {
      "escuela": 1,
      "organizacion": 2,
      "fecha": "2017-10-16",
      "observaciones": null,
      "red": false,
      "internet": false,
      "fotos_link": null,
      "marca_equipo": null,
      "tipo_equipo": null,
      "equipo_uniforme": true,
      "servidor_local": false,
      "poblacion": 26,
      "cantidad_computadoras": 0
   }
},
{
   "model": "ie.laboratorio",
   "pk": 7,
   "fields": {
      "escuela": 3,
      "organizacion": 2,
      "fecha": "2017-10-19",
      "observaciones": "",
      "red": false,
      "internet": true,
      "fotos_link": "",
      "marca_equipo": null,
      "tipo_equipo": null,
      "equipo_uniforme": true,
      "servidor_local": false,
      "poblacion": 21,
      "cantidad_computadoras": 0
   }
},
{
   "model": "ie.laboratorio",
   "pk": 8,
   "fields": {
      "escuela": 2,
      "organizacion": 2,
      "fecha": "2017-03-19",
      "observaciones": "",
      "red": false,
      "internet": true,
      "fotos_link": "",
      "marca_equipo": null,
      "tipo_equipo": null,
      "equipo_uniforme": true,
      "servidor_local": false,
      "poblacion": 25,
      "cantidad_computadoras": 0
   }
},
{
   "model": "ie.laboratorio",
   "pk": 9,
   "fields": {
      "escuela": 6,
      "organizacion": 3,
      "fecha": "2017-07-19",
      "observaciones": "",
      "red": false,
      "internet": false,
      "fotos_link": "",
      "marca_equipo": null,
      "tipo_equipo": null,
      "equipo_uniforme": true,
      "servidor_local": false,
      "poblacion": 26,
      "cantidad_computadoras": 0
   }
},
{
   "model": "ie.laboratorio",
   "pk": 10,
   "fields": {
      "escuela": 11,
      "organizacion": 2,
      "fecha": "2017-10-19",
      "observaciones": null,
      "red": false,
      "internet": false,
      "fotos_link": null,
      "marca_equipo": null,
      "tipo_equipo": null,
      "equipo_uniforme": true,
      "servidor_local": false,
      "poblacion": 31,
      "cantidad_computadoras": 0
   }
},
{
   "model": "ie.laboratorio",
   "pk": 11,
   "fields": {
      "escuela": 10,
      "organizacion": 2,
      "fecha": "2017-10-19",
      "observaciones": null,
      "red": false,
      "internet": false,
      "fotos_link": null,
      "marca_equipo": null,
      "tipo_equipo": null,
      "equipo_uniforme": true,
      "servidor_local": false,
      "poblacion": 30,
      "cantidad_computadoras": 0
   }
},
{
   "model": "ie.laboratorio",
   "pk": 12,
   "fields": {
      "escuela": 12,
      "organizacion": 1,
      "fecha": "2017-10-19",
      "observaciones": null,
      "red": false,
      "internet": false,
      "fotos_link": null,
      "marca_equipo": null,
      "tipo_equipo": null,
      "equipo_uniforme": true,
      "servidor_local": false,
      "poblacion": 32,
      "cantidad_computadoras": 0
   }
},
{
   "model": "ie.laboratorio",
   "pk": 13,
   "fields": {
      "escuela": 13,
      "organizacion": 1,
      "fecha": "2017-10-19",
      "observaciones": null,
      "red": false,
      "internet": false,
      "fotos_link": null,
      "marca_equipo": null,
      "tipo_equipo": null,
      "equipo_uniforme": true,
      "servidor_local": false,
      "poblacion": 33,
      "cantidad_computadoras": 0
   }
},
{
   "model": "ie.laboratorio",
   "pk": 14,
   "fields": {
      "escuela": 14,
      "organizacion": 1,
      "fecha": "2017-10-19",
      "observaciones": null,
      "red": false,
      "internet": false,
      "fotos_link": null,
      "marca_equipo": null,
      "tipo_equipo": null,
      "equipo_uniforme": true,
      "servidor_local": false,
      "poblacion": 34,
      "cantidad_computadoras": 0
   }
},
{
   "model": "ie.laboratorio",
   "pk": 15,
   "fields": {
      "escuela": 16,
      "organizacion": 1,
      "fecha": "2017-10-19",
      "observaciones": null,
      "red": false,
      "internet": false,
      "fotos_link": null,
      "marca_equipo": null,
      "tipo_equipo": null,
      "equipo_uniforme": true,
      "servidor_local": false,
      "poblacion": 36,
      "cantidad_computadoras": 0
   }
},
{
   "model": "ie.laboratorio",
   "pk": 16,
   "fields": {
      "escuela": 48,
      "organizacion": 1,
      "fecha": "2017-10-23",
      "observaciones": "",
      "red": false,
      "internet": false,
      "fotos_link": "",
      "marca_equipo": null,
      "tipo_equipo": null,
      "equipo_uniforme": true,
      "servidor_local": false,
      "poblacion": 37,
      "cantidad_computadoras": 16
   }
},
{
   "model": "ie.laboratorio",
   "pk": 17,
   "fields": {
      "escuela": 15,
      "organizacion": 1,
      "fecha": "2017-10-23",
      "observaciones": null,
      "red": false,
      "internet": false,
      "fotos_link": null,
      "marca_equipo": null,
      "tipo_equipo": null,
      "equipo_uniforme": true,
      "servidor_local": false,
      "poblacion": 35,
      "cantidad_computadoras": 0
   }
},
{
   "model": "ie.computadora",
   "pk": 1,
   "fields": {
      "laboratorio": 1,
      "completa": false
   }
},
{
   "model": "ie.computadora",
   "pk": 2,
   "fields": {
      "laboratorio": 1,
      "completa": false
   }
},
{
   "model": "ie.computadora",
   "pk": 3,
   "fields": {
      "laboratorio": 1,
      "completa": false
   }
},
{
   "model": "ie.computadora",
   "pk": 4,
   "fields": {
      "laboratorio": 1,
      "completa": false
   }
},
{
   "model": "ie.computadora",
   "pk": 5,
   "fields": {
      "laboratorio": 1,
      "completa": false
   }
},
{
   "model": "ie.computadora",
   "pk": 6,
   "fields": {
      "laboratorio": 1,
      "completa": false
   }
},
{
   "model": "ie.computadora",
   "pk": 7,
   "fields": {
      "laboratorio": 2,
      "completa": false
   }
},
{
   "model": "ie.computadora",
   "pk": 8,
   "fields": {
      "laboratorio": 2,
      "completa": false
   }
},
{
   "model": "ie.computadora",
   "pk": 9,
   "fields": {
      "laboratorio": 2,
      "completa": false
   }
},
{
   "model": "ie.computadora",
   "pk": 10,
   "fields": {
      "laboratorio": 5,
      "completa": false
   }
},
{
   "model": "ie.computadora",
   "pk": 11,
   "fields": {
      "laboratorio": 8,
      "completa": false
   }
},
{
   "model": "ie.computadora",
   "pk": 12,
   "fields": {
      "laboratorio": 8,
      "completa": false
   }
},
{
   "model": "ie.computadora",
   "pk": 13,
   "fields": {
      "laboratorio": 8,
      "completa": false
   }
},
{
   "model": "ie.computadora",
   "pk": 14,
   "fields": {
      "laboratorio": 8,
      "completa": false
   }
},
{
   "model": "ie.computadora",
   "pk": 15,
   "fields": {
      "laboratorio": 8,
      "completa": false
   }
},
{
   "model": "ie.computadora",
   "pk": 16,
   "fields": {
      "laboratorio": 9,
      "completa": false
   }
},
{
   "model": "ie.computadora",
   "pk": 17,
   "fields": {
      "laboratorio": 10,
      "completa": false
   }
},
{
   "model": "ie.computadora",
   "pk": 18,
   "fields": {
      "laboratorio": 10,
      "completa": false
   }
},
{
   "model": "ie.computadora",
   "pk": 19,
   "fields": {
      "laboratorio": 10,
      "completa": false
   }
},
{
   "model": "ie.computadora",
   "pk": 20,
   "fields": {
      "laboratorio": 10,
      "completa": false
   }
},
{
   "model": "ie.computadora",
   "pk": 21,
   "fields": {
      "laboratorio": 10,
      "completa": false
   }
},
{
   "model": "ie.computadora",
   "pk": 22,
   "fields": {
      "laboratorio": 10,
      "completa": false
   }
},
{
   "model": "ie.computadora",
   "pk": 23,
   "fields": {
      "laboratorio": 10,
      "completa": false
   }
},
{
   "model": "ie.computadora",
   "pk": 24,
   "fields": {
      "laboratorio": 10,
      "completa": false
   }
},
{
   "model": "ie.computadora",
   "pk": 25,
   "fields": {
      "laboratorio": 10,
      "completa": false
   }
},
{
   "model": "ie.computadora",
   "pk": 26,
   "fields": {
      "laboratorio": 10,
      "completa": false
   }
},
{
   "model": "ie.computadora",
   "pk": 27,
   "fields": {
      "laboratorio": 11,
      "completa": false
   }
},
{
   "model": "ie.computadora",
   "pk": 28,
   "fields": {
      "laboratorio": 11,
      "completa": false
   }
},
{
   "model": "ie.computadora",
   "pk": 29,
   "fields": {
      "laboratorio": 11,
      "completa": false
   }
},
{
   "model": "ie.computadora",
   "pk": 30,
   "fields": {
      "laboratorio": 11,
      "completa": false
   }
},
{
   "model": "ie.computadora",
   "pk": 31,
   "fields": {
      "laboratorio": 11,
      "completa": false
   }
},
{
   "model": "ie.computadora",
   "pk": 32,
   "fields": {
      "laboratorio": 11,
      "completa": false
   }
},
{
   "model": "ie.computadora",
   "pk": 33,
   "fields": {
      "laboratorio": 11,
      "completa": false
   }
},
{
   "model": "ie.computadora",
   "pk": 34,
   "fields": {
      "laboratorio": 11,
      "completa": false
   }
},
{
   "model": "ie.computadora",
   "pk": 35,
   "fields": {
      "laboratorio": 11,
      "completa": false
   }
},
{
   "model": "ie.computadora",
   "pk": 36,
   "fields": {
      "laboratorio": 11,
      "completa": false
   }
},
{
   "model": "ie.computadora",
   "pk": 37,
   "fields": {
      "laboratorio": 12,
      "completa": false
   }
},
{
   "model": "ie.computadora",
   "pk": 38,
   "fields": {
      "laboratorio": 12,
      "completa": false
   }
},
{
   "model": "ie.computadora",
   "pk": 39,
   "fields": {
      "laboratorio": 12,
      "completa": false
   }
},
{
   "model": "ie.computadora",
   "pk": 40,
   "fields": {
      "laboratorio": 12,
      "completa": false
   }
},
{
   "model": "ie.computadora",
   "pk": 41,
   "fields": {
      "laboratorio": 12,
      "completa": false
   }
},
{
   "model": "ie.computadora",
   "pk": 42,
   "fields": {
      "laboratorio": 12,
      "completa": false
   }
},
{
   "model": "ie.computadora",
   "pk": 43,
   "fields": {
      "laboratorio": 12,
      "completa": false
   }
},
{
   "model": "ie.computadora",
   "pk": 44,
   "fields": {
      "laboratorio": 12,
      "completa": false
   }
},
{
   "model": "ie.computadora",
   "pk": 45,
   "fields": {
      "laboratorio": 12,
      "completa": false
   }
},
{
   "model": "ie.computadora",
   "pk": 46,
   "fields": {
      "laboratorio": 12,
      "completa": false
   }
},
{
   "model": "ie.computadora",
   "pk": 47,
   "fields": {
      "laboratorio": 12,
      "completa": false
   }
},
{
   "model": "ie.computadora",
   "pk": 48,
   "fields": {
      "laboratorio": 12,
      "completa": false
   }
},
{
   "model": "ie.computadora",
   "pk": 49,
   "fields": {
      "laboratorio": 12,
      "completa": false
   }
},
{
   "model": "ie.computadora",
   "pk": 50,
   "fields": {
      "laboratorio": 12,
      "completa": false
   }
},
{
   "model": "ie.computadora",
   "pk": 51,
   "fields": {
      "laboratorio": 12,
      "completa": false
   }
},
{
   "model": "ie.computadora",
   "pk": 52,
   "fields": {
      "laboratorio": 12,
      "completa": false
   }
},
{
   "model": "ie.computadora",
   "pk": 53,
   "fields": {
      "laboratorio": 12,
      "completa": false
   }
},
{
   "model": "ie.computadora",
   "pk": 54,
   "fields": {
      "laboratorio": 13,
      "completa": false
   }
},
{
   "model": "ie.computadora",
   "pk": 55,
   "fields": {
      "laboratorio": 13,
      "completa": false
   }
},
{
   "model": "ie.computadora",
   "pk": 56,
   "fields": {
      "laboratorio": 13,
      "completa": false
   }
},
{
   "model": "ie.computadora",
   "pk": 57,
   "fields": {
      "laboratorio": 13,
      "completa": false
   }
},
{
   "model": "ie.computadora",
   "pk": 58,
   "fields": {
      "laboratorio": 13,
      "completa": false
   }
},
{
   "model": "ie.computadora",
   "pk": 59,
   "fields": {
      "laboratorio": 13,
      "completa": false
   }
},
{
   "model": "ie.computadora",
   "pk": 60,
   "fields": {
      "laboratorio": 13,
      "completa": false
   }
},
{
   "model": "ie.computadora",
   "pk": 61,
   "fields": {
      "laboratorio": 13,
      "completa": false
   }
},
{
   "model": "ie.computadora",
   "pk": 62,
   "fields": {
      "laboratorio": 13,
      "completa": false
   }
},
{
   "model": "ie.computadora",
   "pk": 63,
   "fields": {
      "laboratorio": 13,
      "completa": false
   }
},
{
   "model": "ie.computadora",
   "pk": 64,
   "fields": {
      "laboratorio": 13,
      "completa": false
   }
},
{
   "model": "ie.computadora",
   "pk": 65,
   "fields": {
      "laboratorio": 13,
      "completa": false
   }
},
{
   "model": "ie.computadora",
   "pk": 66,
   "fields": {
      "laboratorio": 13,
      "completa": false
   }
},
{
   "model": "ie.computadora",
   "pk": 67,
   "fields": {
      "laboratorio": 13,
      "completa": false
   }
},
{
   "model": "ie.computadora",
   "pk": 68,
   "fields": {
      "laboratorio": 13,
      "completa": false
   }
},
{
   "model": "ie.computadora",
   "pk": 69,
   "fields": {
      "laboratorio": 13,
      "completa": false
   }
},
{
   "model": "ie.computadora",
   "pk": 70,
   "fields": {
      "laboratorio": 13,
      "completa": false
   }
},
{
   "model": "ie.computadora",
   "pk": 71,
   "fields": {
      "laboratorio": 14,
      "completa": false
   }
},
{
   "model": "ie.computadora",
   "pk": 72,
   "fields": {
      "laboratorio": 14,
      "completa": false
   }
},
{
   "model": "ie.computadora",
   "pk": 73,
   "fields": {
      "laboratorio": 14,
      "completa": false
   }
},
{
   "model": "ie.computadora",
   "pk": 74,
   "fields": {
      "laboratorio": 14,
      "completa": false
   }
},
{
   "model": "ie.computadora",
   "pk": 75,
   "fields": {
      "laboratorio": 14,
      "completa": false
   }
},
{
   "model": "ie.computadora",
   "pk": 76,
   "fields": {
      "laboratorio": 14,
      "completa": false
   }
},
{
   "model": "ie.computadora",
   "pk": 77,
   "fields": {
      "laboratorio": 14,
      "completa": false
   }
},
{
   "model": "ie.computadora",
   "pk": 78,
   "fields": {
      "laboratorio": 14,
      "completa": false
   }
},
{
   "model": "ie.computadora",
   "pk": 79,
   "fields": {
      "laboratorio": 14,
      "completa": false
   }
},
{
   "model": "ie.computadora",
   "pk": 80,
   "fields": {
      "laboratorio": 14,
      "completa": false
   }
},
{
   "model": "ie.computadora",
   "pk": 81,
   "fields": {
      "laboratorio": 14,
      "completa": false
   }
},
{
   "model": "ie.computadora",
   "pk": 82,
   "fields": {
      "laboratorio": 14,
      "completa": false
   }
},
{
   "model": "ie.computadora",
   "pk": 83,
   "fields": {
      "laboratorio": 14,
      "completa": false
   }
},
{
   "model": "ie.computadora",
   "pk": 84,
   "fields": {
      "laboratorio": 14,
      "completa": false
   }
},
{
   "model": "ie.computadora",
   "pk": 85,
   "fields": {
      "laboratorio": 14,
      "completa": false
   }
},
{
   "model": "ie.computadora",
   "pk": 86,
   "fields": {
      "laboratorio": 14,
      "completa": false
   }
},
{
   "model": "ie.computadora",
   "pk": 87,
   "fields": {
      "laboratorio": 14,
      "completa": false
   }
},
{
   "model": "ie.computadora",
   "pk": 88,
   "fields": {
      "laboratorio": 15,
      "completa": false
   }
},
{
   "model": "ie.computadora",
   "pk": 89,
   "fields": {
      "laboratorio": 15,
      "completa": false
   }
},
{
   "model": "ie.computadora",
   "pk": 90,
   "fields": {
      "laboratorio": 15,
      "completa": false
   }
},
{
   "model": "ie.computadora",
   "pk": 91,
   "fields": {
      "laboratorio": 15,
      "completa": false
   }
},
{
   "model": "ie.computadora",
   "pk": 92,
   "fields": {
      "laboratorio": 15,
      "completa": false
   }
},
{
   "model": "ie.computadora",
   "pk": 93,
   "fields": {
      "laboratorio": 15,
      "completa": false
   }
},
{
   "model": "ie.computadora",
   "pk": 94,
   "fields": {
      "laboratorio": 15,
      "completa": false
   }
},
{
   "model": "ie.computadora",
   "pk": 95,
   "fields": {
      "laboratorio": 15,
      "completa": false
   }
},
{
   "model": "ie.computadora",
   "pk": 96,
   "fields": {
      "laboratorio": 15,
      "completa": false
   }
},
{
   "model": "ie.computadora",
   "pk": 97,
   "fields": {
      "laboratorio": 15,
      "completa": false
   }
},
{
   "model": "ie.computadora",
   "pk": 98,
   "fields": {
      "laboratorio": 15,
      "completa": false
   }
},
{
   "model": "ie.computadora",
   "pk": 99,
   "fields": {
      "laboratorio": 15,
      "completa": false
   }
},
{
   "model": "ie.computadora",
   "pk": 100,
   "fields": {
      "laboratorio": 15,
      "completa": false
   }
},
{
   "model": "ie.computadora",
   "pk": 101,
   "fields": {
      "laboratorio": 15,
      "completa": false
   }
},
{
   "model": "ie.computadora",
   "pk": 102,
   "fields": {
      "laboratorio": 15,
      "completa": false
   }
},
{
   "model": "ie.computadora",
   "pk": 103,
   "fields": {
      "laboratorio": 15,
      "completa": false
   }
},
{
   "model": "ie.computadora",
   "pk": 104,
   "fields": {
      "laboratorio": 15,
      "completa": false
   }
},
{
   "model": "ie.requerimiento",
   "pk": 1,
   "fields": {
      "nombre": "Energ\u00eda el\u00e9ctrica"
   }
},
{
   "model": "ie.requerimiento",
   "pk": 2,
   "fields": {
      "nombre": "Puerta de metal"
   }
},
{
   "model": "ie.requerimiento",
   "pk": 3,
   "fields": {
      "nombre": "Flipones"
   }
},
{
   "model": "ie.validacionversion",
   "pk": 1,
   "fields": {
      "nombre": "Prueba",
      "activa": true,
      "requisitos": [
         1,
         2,
         3
      ]
   }
},
{
   "model": "ie.validacion",
   "pk": 1,
   "fields": {
      "escuela": 1,
      "version": 1,
      "fecha_inicio": "2017-10-25",
      "fotos_link": null,
      "observaciones": null,
      "completada": false,
      "requerimientos": []
   }
}
]
